run_id,tree_file_path,repetition,seed,genome_length,initial_copies,num_nodes,num_leaves,GENERAL_DUPLICATION_MULTIPLICITY,GENERAL_DUPLICATION_PROB,GENERAL_EVENT_PROB,GENERAL_LOSS_PROB,GENERAL_SINGLE_OR_MULTIPLE_EVENT_PROB,GENERAL_TELOMERIC_INSTABILITY,GENERAL_TELOMERIC_PERCENTAGE,MODEL_CRUCIAL_FOR_SURVIVAL,MODEL_TELOMERIC_REGIONS,NUMBER_OF_GENERATIONS,OFFSPRING_MODEL,OFFSPRING_PARAMETER,REPRESENTATION_TYPE,matrices_skipped,skip_reason,c2c_vs_gt_shared_leaves,c2c_vs_gt_mantel_spearman_r,c2c_vs_gt_mantel_spearman_p,c2c_vs_gt_pearson_r,c2c_vs_gt_kendall_tau,c2c_vs_gt_triad_concordance,c2c_vs_gt_triad_p,c2c_vs_gt_linear_alpha,c2c_vs_gt_linear_beta,c2c_vs_gt_linear_rmse,c2c_vs_gt_linear_r_squared,c2c_vs_gt_mae,c2c_vs_gt_mape_percent,c2c_vs_gt_triangle_violations_matrix1,c2c_vs_gt_triangle_violations_matrix2,c2c_vs_gt_triangle_violation_rate_matrix1,c2c_vs_gt_triangle_violation_rate_matrix2,c2c_vs_gt_matrix1_mean,c2c_vs_gt_matrix1_std,c2c_vs_gt_matrix1_min,c2c_vs_gt_matrix1_max,c2c_vs_gt_matrix1_median,c2c_vs_gt_matrix1_mode,c2c_vs_gt_matrix2_mean,c2c_vs_gt_matrix2_std,c2c_vs_gt_matrix2_min,c2c_vs_gt_matrix2_max,c2c_vs_gt_matrix2_median,c2c_vs_gt_matrix2_mode,c2c_vs_gt_uds_matrix1,c2c_vs_gt_uds_matrix2,c2c_vs_gt_matrix1_skewness,c2c_vs_gt_matrix1_kurtosis,c2c_vs_gt_matrix1_bimodality_coefficient,c2c_vs_gt_matrix1_coefficient_of_variation,c2c_vs_gt_matrix2_skewness,c2c_vs_gt_matrix2_kurtosis,c2c_vs_gt_matrix2_bimodality_coefficient,c2c_vs_gt_matrix2_coefficient_of_variation,c2c_vs_gt_matrix1_local_compactness_mean,c2c_vs_gt_matrix1_local_compactness_std,c2c_vs_gt_matrix1_local_compactness_spread,c2c_vs_gt_matrix1_lcgs_ratio,c2c_vs_gt_matrix2_local_compactness_mean,c2c_vs_gt_matrix2_local_compactness_std,c2c_vs_gt_matrix2_local_compactness_spread,c2c_vs_gt_matrix2_lcgs_ratio,c2c_vs_gt_matrix1_eigenvalue_decay_rate,c2c_vs_gt_matrix1_num_significant_eigenvalues,c2c_vs_gt_matrix1_eigenvalue_entropy,c2c_vs_gt_matrix2_eigenvalue_decay_rate,c2c_vs_gt_matrix2_num_significant_eigenvalues,c2c_vs_gt_matrix2_eigenvalue_entropy,c2c_vs_gt_matrix1_triangle_thickness_mean,c2c_vs_gt_matrix1_triangle_thickness_std,c2c_vs_gt_matrix1_triangle_thickness_index,c2c_vs_gt_matrix2_triangle_thickness_mean,c2c_vs_gt_matrix2_triangle_thickness_std,c2c_vs_gt_matrix2_triangle_thickness_index,naive_vs_gt_shared_leaves,naive_vs_gt_mantel_spearman_r,naive_vs_gt_mantel_spearman_p,naive_vs_gt_pearson_r,naive_vs_gt_kendall_tau,naive_vs_gt_triad_concordance,naive_vs_gt_triad_p,naive_vs_gt_linear_alpha,naive_vs_gt_linear_beta,naive_vs_gt_linear_rmse,naive_vs_gt_linear_r_squared,naive_vs_gt_mae,naive_vs_gt_mape_percent,naive_vs_gt_triangle_violations_matrix1,naive_vs_gt_triangle_violations_matrix2,naive_vs_gt_triangle_violation_rate_matrix1,naive_vs_gt_triangle_violation_rate_matrix2,naive_vs_gt_matrix1_mean,naive_vs_gt_matrix1_std,naive_vs_gt_matrix1_min,naive_vs_gt_matrix1_max,naive_vs_gt_matrix1_median,naive_vs_gt_matrix1_mode,naive_vs_gt_matrix2_mean,naive_vs_gt_matrix2_std,naive_vs_gt_matrix2_min,naive_vs_gt_matrix2_max,naive_vs_gt_matrix2_median,naive_vs_gt_matrix2_mode,naive_vs_gt_uds_matrix1,naive_vs_gt_uds_matrix2,naive_vs_gt_matrix1_skewness,naive_vs_gt_matrix1_kurtosis,naive_vs_gt_matrix1_bimodality_coefficient,naive_vs_gt_matrix1_coefficient_of_variation,naive_vs_gt_matrix2_skewness,naive_vs_gt_matrix2_kurtosis,naive_vs_gt_matrix2_bimodality_coefficient,naive_vs_gt_matrix2_coefficient_of_variation,naive_vs_gt_matrix1_local_compactness_mean,naive_vs_gt_matrix1_local_compactness_std,naive_vs_gt_matrix1_local_compactness_spread,naive_vs_gt_matrix1_lcgs_ratio,naive_vs_gt_matrix2_local_compactness_mean,naive_vs_gt_matrix2_local_compactness_std,naive_vs_gt_matrix2_local_compactness_spread,naive_vs_gt_matrix2_lcgs_ratio,naive_vs_gt_matrix1_eigenvalue_decay_rate,naive_vs_gt_matrix1_num_significant_eigenvalues,naive_vs_gt_matrix1_eigenvalue_entropy,naive_vs_gt_matrix2_eigenvalue_decay_rate,naive_vs_gt_matrix2_num_significant_eigenvalues,naive_vs_gt_matrix2_eigenvalue_entropy,naive_vs_gt_matrix1_triangle_thickness_mean,naive_vs_gt_matrix1_triangle_thickness_std,naive_vs_gt_matrix1_triangle_thickness_index,naive_vs_gt_matrix2_triangle_thickness_mean,naive_vs_gt_matrix2_triangle_thickness_std,naive_vs_gt_matrix2_triangle_thickness_index,c2c_vs_naive_shared_leaves,c2c_vs_naive_mantel_spearman_r,c2c_vs_naive_mantel_spearman_p,c2c_vs_naive_pearson_r,c2c_vs_naive_kendall_tau,c2c_vs_naive_triad_concordance,c2c_vs_naive_triad_p,c2c_vs_naive_linear_alpha,c2c_vs_naive_linear_beta,c2c_vs_naive_linear_rmse,c2c_vs_naive_linear_r_squared,c2c_vs_naive_mae,c2c_vs_naive_mape_percent,c2c_vs_naive_triangle_violations_matrix1,c2c_vs_naive_triangle_violations_matrix2,c2c_vs_naive_triangle_violation_rate_matrix1,c2c_vs_naive_triangle_violation_rate_matrix2,c2c_vs_naive_matrix1_mean,c2c_vs_naive_matrix1_std,c2c_vs_naive_matrix1_min,c2c_vs_naive_matrix1_max,c2c_vs_naive_matrix1_median,c2c_vs_naive_matrix1_mode,c2c_vs_naive_matrix2_mean,c2c_vs_naive_matrix2_std,c2c_vs_naive_matrix2_min,c2c_vs_naive_matrix2_max,c2c_vs_naive_matrix2_median,c2c_vs_naive_matrix2_mode,c2c_vs_naive_uds_matrix1,c2c_vs_naive_uds_matrix2,c2c_vs_naive_matrix1_skewness,c2c_vs_naive_matrix1_kurtosis,c2c_vs_naive_matrix1_bimodality_coefficient,c2c_vs_naive_matrix1_coefficient_of_variation,c2c_vs_naive_matrix2_skewness,c2c_vs_naive_matrix2_kurtosis,c2c_vs_naive_matrix2_bimodality_coefficient,c2c_vs_naive_matrix2_coefficient_of_variation,c2c_vs_naive_matrix1_local_compactness_mean,c2c_vs_naive_matrix1_local_compactness_std,c2c_vs_naive_matrix1_local_compactness_spread,c2c_vs_naive_matrix1_lcgs_ratio,c2c_vs_naive_matrix2_local_compactness_mean,c2c_vs_naive_matrix2_local_compactness_std,c2c_vs_naive_matrix2_local_compactness_spread,c2c_vs_naive_matrix2_lcgs_ratio,c2c_vs_naive_matrix1_eigenvalue_decay_rate,c2c_vs_naive_matrix1_num_significant_eigenvalues,c2c_vs_naive_matrix1_eigenvalue_entropy,c2c_vs_naive_matrix2_eigenvalue_decay_rate,c2c_vs_naive_matrix2_num_significant_eigenvalues,c2c_vs_naive_matrix2_eigenvalue_entropy,c2c_vs_naive_matrix1_triangle_thickness_mean,c2c_vs_naive_matrix1_triangle_thickness_std,c2c_vs_naive_matrix1_triangle_thickness_index,c2c_vs_naive_matrix2_triangle_thickness_mean,c2c_vs_naive_matrix2_triangle_thickness_std,c2c_vs_naive_matrix2_triangle_thickness_index,medicc2_vs_gt_shared_leaves,medicc2_vs_gt_mantel_spearman_r,medicc2_vs_gt_mantel_spearman_p,medicc2_vs_gt_pearson_r,medicc2_vs_gt_kendall_tau,medicc2_vs_gt_triad_concordance,medicc2_vs_gt_triad_p,medicc2_vs_gt_linear_alpha,medicc2_vs_gt_linear_beta,medicc2_vs_gt_linear_rmse,medicc2_vs_gt_linear_r_squared,medicc2_vs_gt_mae,medicc2_vs_gt_mape_percent,medicc2_vs_gt_triangle_violations_matrix1,medicc2_vs_gt_triangle_violations_matrix2,medicc2_vs_gt_triangle_violation_rate_matrix1,medicc2_vs_gt_triangle_violation_rate_matrix2,medicc2_vs_gt_matrix1_mean,medicc2_vs_gt_matrix1_std,medicc2_vs_gt_matrix1_min,medicc2_vs_gt_matrix1_max,medicc2_vs_gt_matrix1_median,medicc2_vs_gt_matrix1_mode,medicc2_vs_gt_matrix2_mean,medicc2_vs_gt_matrix2_std,medicc2_vs_gt_matrix2_min,medicc2_vs_gt_matrix2_max,medicc2_vs_gt_matrix2_median,medicc2_vs_gt_matrix2_mode,medicc2_vs_gt_uds_matrix1,medicc2_vs_gt_uds_matrix2,medicc2_vs_gt_matrix1_skewness,medicc2_vs_gt_matrix1_kurtosis,medicc2_vs_gt_matrix1_bimodality_coefficient,medicc2_vs_gt_matrix1_coefficient_of_variation,medicc2_vs_gt_matrix2_skewness,medicc2_vs_gt_matrix2_kurtosis,medicc2_vs_gt_matrix2_bimodality_coefficient,medicc2_vs_gt_matrix2_coefficient_of_variation,medicc2_vs_gt_matrix1_local_compactness_mean,medicc2_vs_gt_matrix1_local_compactness_std,medicc2_vs_gt_matrix1_local_compactness_spread,medicc2_vs_gt_matrix1_lcgs_ratio,medicc2_vs_gt_matrix2_local_compactness_mean,medicc2_vs_gt_matrix2_local_compactness_std,medicc2_vs_gt_matrix2_local_compactness_spread,medicc2_vs_gt_matrix2_lcgs_ratio,medicc2_vs_gt_matrix1_eigenvalue_decay_rate,medicc2_vs_gt_matrix1_num_significant_eigenvalues,medicc2_vs_gt_matrix1_eigenvalue_entropy,medicc2_vs_gt_matrix2_eigenvalue_decay_rate,medicc2_vs_gt_matrix2_num_significant_eigenvalues,medicc2_vs_gt_matrix2_eigenvalue_entropy,medicc2_vs_gt_matrix1_triangle_thickness_mean,medicc2_vs_gt_matrix1_triangle_thickness_std,medicc2_vs_gt_matrix1_triangle_thickness_index,medicc2_vs_gt_matrix2_triangle_thickness_mean,medicc2_vs_gt_matrix2_triangle_thickness_std,medicc2_vs_gt_matrix2_triangle_thickness_index
1,trees/tree001.csv,0,1042,10,2,19,4,1,0.5,0.01,0.5,0.1,0.1,0.1,True,True,8,fitness,2,representative,,,4.0,0.909090909090909,0.2,0.894675057761221,0.8461538461538463,1.0,,-0.5853658536585361,1.8536585365853655,0.9877295966495896,0.8004434589800444,1.8333333333333333,63.888888885856474,0.0,0.0,0.0,0.0,2.8333333333333335,1.0671873729054748,1.0,4.0,3.0,2.875,4.666666666666667,2.211083193570267,2.0,8.0,5.0,2.75,0.5,2.0,-0.4875668663839412,-1.0101130279595478,0.6220059061577164,0.3766543669078146,0.0548202444686838,-1.3884297520661162,0.6223776223776225,0.4738035414793428,2.375,0.414578098794425,1.0,0.1745591994923894,3.5,0.5,1.0,0.1428571428571428,8.60516476600357,3.0,0.4780861589266521,inf,1.0,-1.0000000826903708e-10,8.5,0.8660254037844386,0.1018853416216986,14.0,2.0,0.1428571428571428,4.0,0.8060599359358183,0.11,0.817423891369599,0.7412493166611012,0.9090909090909092,,0.4666666666666675,0.7000000000000003,1.2736648783028537,0.6681818181818182,1.6666666666666667,27.777777777230867,0.0,0.0,0.0,0.0,6.0,2.581988897471611,3.0,10.0,5.0,3.7,4.666666666666667,2.211083193570267,2.0,8.0,5.0,2.75,2.75,2.0,0.5228527517380013,-1.365,0.7788226299694189,0.4303314829119352,0.0548202444686838,-1.3884297520661162,0.6223776223776225,0.4738035414793428,4.75,1.346291201783626,3.5,0.2834297266912897,3.5,0.5,1.0,0.1428571428571428,15.300622970534675,2.0,0.2306588175982431,inf,1.0,-1.0000000826903708e-10,18.0,3.7416573867739418,0.2078698548207745,14.0,2.0,0.1428571428571428,4.0,0.8508410434878082,0.15,0.8468017304727874,0.7412493166611013,0.8888888888888888,,0.195121951219514,2.048780487804877,1.3733822708148735,0.7170731707317073,3.1666666666666665,120.83333332704862,0.0,0.0,0.0,0.0,2.8333333333333335,1.0671873729054748,1.0,4.0,3.0,2.875,6.0,2.581988897471611,3.0,10.0,5.0,3.7,0.5,2.75,-0.4875668663839412,-1.0101130279595478,0.6220059061577164,0.3766543669078146,0.5228527517380013,-1.365,0.7788226299694189,0.4303314829119352,2.375,0.414578098794425,1.0,0.1745591994923894,4.75,1.346291201783626,3.5,0.2834297266912897,8.60516476600357,3.0,0.4780861589266521,15.300622970534675,2.0,0.2306588175982431,8.5,0.8660254037844386,0.1018853416216986,18.0,3.7416573867739418,0.2078698548207745,4.0,0.6363636363636362,0.2,0.7092181826645516,0.5384615384615385,0.8,,1.1052631578947378,0.7631578947368421,1.5587894538402256,0.5029904306220095,1.3333333333333333,39.761904759761734,0.0,0.0,0.0,0.0,4.666666666666667,2.0548046676563256,1.0,7.0,4.5,4.75,4.666666666666667,2.211083193570267,2.0,8.0,5.0,2.75,1.0,2.0,-0.469588324325892,-0.7520775623268703,0.542951648993093,0.4403152859263554,0.0548202444686838,-1.3884297520661162,0.6223776223776225,0.4738035414793428,3.75,1.4361406616345072,3.5,0.3829708431025352,3.5,0.5,1.0,0.1428571428571428,5.671461531797648,3.0,0.4856983086121528,inf,1.0,-1.0000000826903708e-10,14.0,2.9154759474226504,0.2082482819587607,14.0,2.0,0.1428571428571428
8,trees/tree008.csv,0,8042,10,2,59,14,5,0.5,0.01,0.5,0.5,0.1,0.1,True,True,8,fitness,2,representative,,,14.0,0.5355176089304906,0.01,0.5092142906818931,0.4908258098856615,0.819047619047619,,1.9089164194730408,0.6984819403245507,1.3888802964736795,0.2592991938346635,1.010989010989011,47.47252746979965,18.0,0.0,0.0164835164835164,0.0,2.978021978021978,1.1764915431762857,1.0,5.0,3.0,2.2,3.989010989010989,1.6137765787224352,1.0,8.0,4.0,4.0625,0.7747252747252747,0.8846153846153846,0.0830425401916106,-0.9653717269762074,0.4948796184695998,0.3950580458636236,0.1119446877472028,-0.435596447429035,0.3948409805078052,0.4045555610571394,1.5952380952380951,0.360303475010037,1.0,0.2258618798570381,2.0238095238095237,0.5558389299966072,2.0,0.2746498242336177,2.2020824385776723,7.0,1.47589179257401,3.4050470035214087,9.0,1.3627226096024156,8.934065934065934,2.2053989587104805,0.2468527739762038,11.967032967032967,3.1130725765784906,0.2601373778408105,14.0,0.1883263649519178,0.2,0.1340602116843407,0.1416147038818428,0.5829545454545455,,3.685405002782524,0.0101686215483217,1.5992093211873069,0.0179721403568501,25.89010989010989,73.87859445786911,0.0,0.0,0.0,0.0,29.857142857142858,21.2755710030792,1.0,72.0,22.0,10.418367346938776,3.989010989010989,1.6137765787224352,1.0,8.0,4.0,4.0625,6.4423076923076925,0.8846153846153846,0.3445831167477369,-1.3005716971560473,0.6583022787577469,0.7125789331174852,0.1119446877472028,-0.435596447429035,0.3948409805078052,0.4045555610571394,12.523809523809524,11.949439972076451,41.333333333333336,0.9541377924471692,2.0238095238095237,0.5558389299966072,2.0,0.2746498242336177,3.685597989565813,4.0,0.730333445976195,3.4050470035214087,9.0,1.3627226096024156,89.57142857142857,44.615486114754894,0.4980995260020482,11.967032967032967,3.1130725765784906,0.2601373778408105,14.0,0.2949357550392493,0.03,0.2567037883370797,0.2299108764504178,0.5908529048207664,,16.032542313732325,4.6422090385622035,20.562629314874066,0.0658968349466083,26.87912087912088,991.9413918969344,18.0,0.0,0.0164835164835164,0.0,2.978021978021978,1.1764915431762857,1.0,5.0,3.0,2.2,29.857142857142858,21.2755710030792,1.0,72.0,22.0,10.418367346938776,0.7747252747252747,6.4423076923076925,0.0830425401916106,-0.9653717269762074,0.4948796184695998,0.3950580458636236,0.3445831167477369,-1.3005716971560473,0.6583022787577469,0.7125789331174852,1.5952380952380951,0.360303475010037,1.0,0.2258618798570381,12.523809523809524,11.949439972076451,41.333333333333336,0.9541377924471692,2.2020824385776723,7.0,1.47589179257401,3.685597989565813,4.0,0.730333445976195,8.934065934065934,2.2053989587104805,0.2468527739762038,89.57142857142857,44.615486114754894,0.4980995260020482,15.0,0.5067850285092137,0.01,0.4955982067619171,0.3973779150257631,0.7387387387387387,,2.06338224867327,0.2794405173710335,1.4230111876242668,0.2456175825456282,3.238095238095238,28571428612.734425,0.0,0.0,0.0,0.0,7.066666666666666,2.90571412963743,0.0,14.0,7.0,7.0,4.038095238095238,1.6383720696315454,1.0,8.0,4.0,3.1875,1.5076923076923077,0.931868131868132,-0.1383292150319006,0.2943042671139886,0.3093627330981683,0.4111859617411457,0.0818219782255984,-0.5285435144594253,0.407328570019536,0.4057289323380006,3.7111111111111112,1.999506111858132,6.0,0.5387890720575804,1.9777777777777776,0.5230489909306587,2.0,0.2644629729424679,1.3617778269936254,7.0,1.478195864458736,3.542957229388655,10.0,1.3995060879221646,21.2,5.798218748834909,0.2735008843790051,12.114285714285714,3.1525524780974794,0.2602342847486127
5,trees/tree005.csv,0,5042,10,2,23,4,3,0.5,0.01,0.5,0.5,0.1,0.1,True,True,8,fitness,2,representative,,,4.0,0.7071067811865475,0.46,0.7071067811865475,0.7071067811865475,1.0,,0.5000000000000001,0.7500000000000006,0.3535533905932738,0.5,0.1666666666666666,16.666666664999997,0.0,0.0,0.0,0.0,1.3333333333333333,0.4714045207910317,1.0,2.0,1.0,1.25,1.5,0.5,1.0,2.0,1.5,1.25,0.5,0.75,0.7071067811865479,-1.4999999999999996,1.0,0.3535533905932738,0.0,-2.0,1.0,0.3333333333333333,1.125,0.2165063509461096,0.5,0.1924500897298752,1.375,0.2165063509461096,0.5,0.1574591643244433,5.098076211353319,2.0,0.4462210942580378,1.0000000000000004,2.0,0.6931471803599453,4.0,0.7071067811865476,0.1767766952966369,4.5,0.8660254037844386,0.1924500897298752,4.0,0.2927700218845599,0.82,0.1965365346241254,0.2581988897471611,0.6666666666666666,,1.3133047210300437,0.0386266094420602,0.4902482510315411,0.03862660944206,3.3333333333333335,51.23015872934654,0.0,0.0,0.0,0.0,4.833333333333333,2.544056253745625,1.0,8.0,5.5,1.5833333333333337,1.5,0.5,1.0,2.0,1.5,1.25,1.5,0.75,-0.3598952279240064,-1.3893422240232831,0.7012815459184177,0.5263564662921982,0.0,-2.0,1.0,0.3333333333333333,3.625,0.5448623679425842,1.5,0.1503068601220922,1.375,0.2165063509461096,0.5,0.1574591643244433,inf,1.0,-1.0000000826903708e-10,1.0000000000000004,2.0,0.6931471803599453,14.5,1.6583123951777,0.1143663720812206,4.5,0.8660254037844386,0.1924500897298752,4.0,0.6210590034081188,0.27,0.6022133709957034,0.5477225575051661,1.0,,0.5000000000000022,3.25,2.03100960115899,0.3626609442060086,3.5,266.66666664416664,0.0,0.0,0.0,0.0,1.3333333333333333,0.4714045207910317,1.0,2.0,1.0,1.25,4.833333333333333,2.544056253745625,1.0,8.0,5.5,1.5833333333333337,0.5,1.5,0.7071067811865479,-1.4999999999999996,1.0,0.3535533905932738,-0.3598952279240064,-1.3893422240232831,0.7012815459184177,0.5263564662921982,1.125,0.2165063509461096,0.5,0.1924500897298752,3.625,0.5448623679425842,1.5,0.1503068601220922,5.098076211353319,2.0,0.4462210942580378,inf,1.0,-1.0000000826903708e-10,4.0,0.7071067811865476,0.1767766952966369,14.5,1.6583123951777,0.1143663720812206,4.0,0.3015113445777636,1.0,0.137360563948689,0.2773500981126146,0.6666666666666666,,1.3773584905660377,0.0283018867924529,0.4952605565436485,0.0188679245283019,3.1666666666666665,66.90476190224183,0.0,0.0,0.0,0.0,4.333333333333333,2.4267032964268394,1.0,7.0,5.5,6.25,1.5,0.5,1.0,2.0,1.5,1.25,1.0,0.75,-0.5313002945185136,-1.495194019223924,0.8521231436720812,0.5600084530215783,0.0,-2.0,1.0,0.3333333333333333,3.25,0.25,0.5,0.0769230769230769,1.375,0.2165063509461096,0.5,0.1574591643244433,inf,1.0,-1.0000000826903708e-10,1.0000000000000004,2.0,0.6931471803599453,13.0,1.0,0.0769230769230769,4.5,0.8660254037844386,0.1924500897298752
6,trees/tree006.csv,0,6042,10,2,44,13,3,0.5,0.01,0.5,0.7,0.1,0.1,True,True,8,fitness,2,representative,,,13.0,0.8563548468071255,0.01,0.795315928124268,0.7571345061853392,0.9109062980030722,,0.5394766780432301,0.99613196814562,1.117725419534662,0.6325274255281654,0.7307692307692307,20.625763124944363,11.0,0.0,0.0128205128205128,0.0,3.576923076923077,1.4721276314618952,1.0,7.0,4.0,4.0,4.102564102564102,1.843837578291979,1.0,9.0,4.0,3.2222222222222223,0.8846153846153846,1.2447552447552448,0.0540720406497003,-0.4839017344407046,0.3986027888132128,0.4115625636345083,0.2910783653446421,-0.4456326939122896,0.4246556915235049,0.4494354097086699,1.871794871794872,0.698453254968012,2.6666666666666665,0.3731462595034585,2.128205128205128,0.7457969011409736,3.0,0.3504346884879273,2.92160081887084,6.0,1.4507242389043564,3.3884947054872745,8.0,1.2949909696221995,10.73076923076923,2.74452361946377,0.2557620577278066,12.307692307692308,3.745824284408054,0.3043482231081543,13.0,0.3235818051313333,0.06,0.2557851987853277,0.2339328631618516,0.614765100671141,,3.382859506618529,0.0269629963898918,1.782499814941964,0.0654260679176492,22.58974358974359,78.2517881732528,0.0,0.0,0.0,0.0,26.692307692307693,17.49161534836246,3.0,75.0,24.0,21.81818181818182,4.102564102564102,1.843837578291979,1.0,9.0,4.0,3.2222222222222223,8.748251748251748,1.2447552447552448,0.9859868351866552,0.4084595192535554,0.578610374575696,0.6553054741461439,0.2910783653446421,-0.4456326939122896,0.4246556915235049,0.4494354097086699,11.615384615384617,9.419788367381672,34.66666666666667,0.8109751574567001,2.128205128205128,0.7457969011409736,3.0,0.3504346884879273,10.940241107144724,5.0,0.6946829369941374,3.3884947054872745,8.0,1.2949909696221995,80.07692307692308,37.01343111412716,0.462223443308024,12.307692307692308,3.745824284408054,0.3043482231081543,13.0,0.4245272314279701,0.01,0.3668654686250113,0.3399176792042703,0.6927536231884058,,11.100341296928326,4.359044368600682,16.271995097432338,0.1345902720694494,23.115384615384617,721.8986568684861,11.0,0.0,0.0128205128205128,0.0,3.576923076923077,1.4721276314618952,1.0,7.0,4.0,4.0,26.692307692307693,17.49161534836246,3.0,75.0,24.0,21.81818181818182,0.8846153846153846,8.748251748251748,0.0540720406497003,-0.4839017344407046,0.3986027888132128,0.4115625636345083,0.9859868351866552,0.4084595192535554,0.578610374575696,0.6553054741461439,1.871794871794872,0.698453254968012,2.6666666666666665,0.3731462595034585,11.615384615384617,9.419788367381672,34.66666666666667,0.8109751574567001,2.92160081887084,6.0,1.4507242389043564,10.940241107144724,5.0,0.6946829369941374,10.73076923076923,2.74452361946377,0.2557620577278066,80.07692307692308,37.01343111412716,0.462223443308024,13.0,0.7231434517585251,0.01,0.7105841098354903,0.5891253985096856,0.8474320241691843,,0.5340879633629952,0.4749848785967345,1.2973467391970797,0.5049297771506953,3.4871794871794872,47.047165796259506,0.0,0.0,0.0,0.0,7.512820512820513,2.758407147870919,1.0,14.0,8.0,8.5,4.102564102564102,1.843837578291979,1.0,9.0,4.0,3.2222222222222223,1.6748251748251748,1.2447552447552448,-0.0962547119476507,-0.1124564263132281,0.3495237193195014,0.3671599957916923,0.2910783653446421,-0.4456326939122896,0.4246556915235049,0.4494354097086699,4.41025641025641,1.4915938022819473,5.0,0.3382102226104416,2.128205128205128,0.7457969011409736,3.0,0.3504346884879273,1.348257218064861,6.0,1.548159402366181,3.3884947054872745,8.0,1.2949909696221995,22.53846153846154,5.547341366324475,0.2461277739324852,12.307692307692308,3.745824284408054,0.3043482231081543
2,trees/tree002.csv,0,2042,10,2,37,9,1,0.5,0.01,0.5,0.5,0.1,0.1,True,True,8,fitness,2,representative,,,9.0,0.7836515234885181,0.01,0.7825432347555616,0.684838107221966,0.9065934065934066,,0.7816537467700279,1.4496124031007749,1.260471499401674,0.612373914261698,2.0555555555555554,76.38888888532408,2.0,0.0,0.0079365079365079,0.0,2.8333333333333335,1.092906420717,1.0,5.0,3.0,3.0,4.888888888888889,2.0245407953654,1.0,9.0,5.0,5.0,0.6785714285714286,1.3333333333333333,-0.3049971406652096,-0.8339643050297458,0.5046192259675406,0.3857316779001176,-0.1096816061794578,-0.5553690666279572,0.4139807121470663,0.4141106172338317,1.740740740740741,0.3777051491550211,1.3333333333333337,0.2169795537699057,3.037037037037037,0.4829038818668629,1.6666666666666663,0.1590049367122597,2.144704279612645,4.0,1.2059394002625137,4.4855408384175846,4.0,0.9271659552584391,8.5,1.7286107827082526,0.203365974436265,14.666666666666666,3.4411146219313653,0.2346214514953203,9.0,0.5414283796674576,0.02,0.534598460921085,0.406165497516746,0.7465437788018433,,2.4037900874635576,0.1953352769679298,1.7109519738871966,0.2857955144191927,7.888888888888889,57.0958591387986,0.0,0.0,0.0,0.0,12.72222222222222,5.540813774523614,1.0,25.0,12.0,9.666666666666666,4.888888888888889,2.0245407953654,1.0,9.0,5.0,5.0,4.059523809523809,1.3333333333333333,-0.0049331666642422,-0.1311623768433745,0.348581714092621,0.4355224800935592,-0.1096816061794578,-0.5553690666279572,0.4139807121470663,0.4141106172338317,7.814814814814814,1.4411167746921276,4.666666666666667,0.1844083076620258,3.037037037037037,0.4829038818668629,1.6666666666666663,0.1590049367122597,2.063018450503969,3.0,0.8710205509397327,4.4855408384175846,4.0,0.9271659552584391,38.166666666666664,9.632328172967636,0.2523754106454403,14.666666666666666,3.4411146219313653,0.2346214514953203,9.0,0.6122140037063294,0.01,0.6391399951245265,0.4968041455315075,0.8138297872340425,,3.5413436692506512,3.2403100775193785,4.261386765960946,0.4084999333677795,9.88888888888889,381.8055555361706,2.0,0.0,0.0079365079365079,0.0,2.8333333333333335,1.092906420717,1.0,5.0,3.0,3.0,12.72222222222222,5.540813774523614,1.0,25.0,12.0,9.666666666666666,0.6785714285714286,4.059523809523809,-0.3049971406652096,-0.8339643050297458,0.5046192259675406,0.3857316779001176,-0.0049331666642422,-0.1311623768433745,0.348581714092621,0.4355224800935592,1.740740740740741,0.3777051491550211,1.3333333333333337,0.2169795537699057,7.814814814814814,1.4411167746921276,4.666666666666667,0.1844083076620258,2.144704279612645,4.0,1.2059394002625137,2.063018450503969,3.0,0.8710205509397327,8.5,1.7286107827082526,0.203365974436265,38.166666666666664,9.632328172967636,0.2523754106454403,9.0,0.7437671063834101,0.01,0.7117023124110751,0.6172425597661713,0.882051282051282,,1.759566326530611,0.6549744897959187,1.4222018216631385,0.5065201814912713,1.2222222222222223,27.557319223164356,0.0,0.0,0.0,0.0,4.777777777777778,2.199887763691481,1.0,9.0,5.5,5.888888888888889,4.888888888888889,2.0245407953654,1.0,9.0,5.0,5.0,0.9404761904761904,1.3333333333333333,0.0014173058660809,-0.9448797376093294,0.4865905061889859,0.460441624958682,-0.1096816061794578,-0.5553690666279572,0.4139807121470663,0.4141106172338317,2.555555555555556,0.7027283689263064,2.666666666666666,0.2749806661015981,3.037037037037037,0.4829038818668629,1.6666666666666663,0.1590049367122597,3.5828154030333943,4.0,0.8810374511713374,4.4855408384175846,4.0,0.9271659552584391,14.333333333333334,3.6688305303348994,0.2559649207210395,14.666666666666666,3.4411146219313653,0.2346214514953203
4,trees/tree004.csv,0,4042,10,2,36,7,3,0.5,0.01,0.5,0.1,0.1,0.1,True,True,8,fitness,2,representative,,,7.0,0.3228353576098818,0.16,0.3402319408257175,0.2783825635531078,0.717391304347826,,2.128787878787879,1.1590909090909085,1.7526520823567129,0.1157577735580345,2.3333333333333335,47619047809.52381,3.0,0.0,0.0285714285714285,0.0,1.2857142857142858,0.5471012044321932,0.0,2.0,1.0,1.0,3.619047619047619,1.8638462657886596,1.0,7.0,4.0,1.4285714285714286,0.4285714285714285,1.1142857142857143,0.0356067932636648,-0.5330578512396698,0.4058740673062281,0.4255231590028169,0.0333535333098953,-1.2206385618553537,0.5626245667255337,0.5150101523889717,0.8571428571428571,0.2258769757263128,0.5,0.2635231383473649,1.5714285714285714,0.4948716593053935,1.5,0.3149183286488868,1.8936484775386249,4.0,1.0659812832511188,10.307672972984768,3.0,0.5411442058666969,3.857142857142857,0.9897433186107872,0.2566001196398337,10.857142857142858,3.071926869877854,0.2829406327519076,7.0,0.3213939010487845,0.17,0.3354210353591812,0.2599698145036777,0.6555555555555556,,2.5670362903225796,0.2084173387096772,1.75587052973854,0.1125072709614251,2.5714285714285716,53.200371055947706,0.0,0.0,0.0,0.0,5.0476190476190474,2.9996220472425943,1.0,12.0,5.0,1.55,3.619047619047619,1.8638462657886596,1.0,7.0,4.0,1.4285714285714286,2.057142857142857,1.1142857142857143,0.8539462294506891,-0.1142204673679758,0.5992225474050267,0.5942647452084385,0.0333535333098953,-1.2206385618553537,0.5626245667255337,0.5150101523889717,2.5714285714285716,1.4249955245185717,4.5,0.5541649262016667,1.5714285714285714,0.4948716593053935,1.5,0.3149183286488868,25.397025725230392,3.0,0.2510609910595189,10.307672972984768,3.0,0.5411442058666969,15.142857142857142,5.802181152157262,0.3831629062745362,10.857142857142858,3.071926869877854,0.2829406327519076,7.0,0.2382980290468883,0.34,0.2238423296944746,0.2060359866410281,0.625,,3.4696969696969693,1.2272727272727275,2.923507747021982,0.05010538856305,3.761904761904762,47619047930.952385,3.0,0.0,0.0285714285714285,0.0,1.2857142857142858,0.5471012044321932,0.0,2.0,1.0,1.0,5.0476190476190474,2.9996220472425943,1.0,12.0,5.0,1.55,0.4285714285714285,2.057142857142857,0.0356067932636648,-0.5330578512396698,0.4058740673062281,0.4255231590028169,0.8539462294506891,-0.1142204673679758,0.5992225474050267,0.5942647452084385,0.8571428571428571,0.2258769757263128,0.5,0.2635231383473649,2.5714285714285716,1.4249955245185717,4.5,0.5541649262016667,1.8936484775386249,4.0,1.0659812832511188,25.397025725230392,3.0,0.2510609910595189,3.857142857142857,0.9897433186107872,0.2566001196398337,15.142857142857142,5.802181152157262,0.3831629062745362,8.0,0.3509633984113496,0.08,0.3515497059244941,0.2866297455600074,0.6950354609929078,,2.2753267973856217,0.2442810457516341,1.625623847786175,0.1235871957355982,2.2142857142857144,59.41609977052566,0.0,0.0,0.0,0.0,4.428571428571429,2.498979383505129,1.0,10.0,4.5,5.5,3.357142857142857,1.7364636830204598,1.0,7.0,3.0,3.142857142857143,1.5357142857142858,1.25,0.4279057835173378,-0.569684736639755,0.4868106526771279,0.5642856672430936,0.3019314317045544,-0.9428912537469838,0.5304350542666709,0.5172445013252434,2.125,1.340475661845451,4.5,0.6308120761625652,1.4375,0.4635124054434789,1.5,0.3224434124824201,4.800025839666546,4.0,0.6490368770229434,10.463107140347164,3.0,0.5364428396720475,13.285714285714286,4.894290718035972,0.368387473400557,10.071428571428571,3.0228719956426895,0.3001433187162954
9,trees/tree009.csv,0,9042,10,2,26,7,5,0.5,0.01,0.5,0.7,0.1,0.1,True,True,8,fitness,2,representative,,,7.0,0.5154708040847321,0.07,0.5442494881632148,0.4465850448091505,0.7647058823529411,,3.2051282051282035,1.1858974358974368,1.883107218427245,0.2962075053659213,3.5238095238095237,285714285934.5238,0.0,0.0,0.0,0.0,1.7142857142857142,1.0301575072754257,0.0,4.0,1.0,1.2000000000000002,5.238095238095238,2.24467119036051,1.0,9.0,6.0,6.5,0.3142857142857143,1.1142857142857143,0.5920357863557735,-0.781065088757396,0.608628205128205,0.6009252125773317,-0.6520283337486953,-0.3394113038666599,0.5356487269461346,0.4285281363415519,1.1428571428571428,0.7889543583705185,2.5,0.6903350635742037,2.7857142857142856,1.5551100755055172,4.5,0.5582446424891601,4.153985766330357,4.0,0.7908206513460092,2.83337304810678,4.0,0.9673408017324054,5.142857142857143,2.2186592752362486,0.431405970184826,15.714285714285714,3.946582091390173,0.2511461330884655,7.0,0.4698479922674597,0.07,0.5208233036706771,0.3568882144228311,0.6707317073170732,,3.489542989930285,0.2415762974438421,1.916196119629585,0.2712569136464383,4.0,91.16357420506408,0.0,0.0,0.0,0.0,7.238095238095238,4.83936991082381,1.0,17.0,8.0,1.6666666666666663,5.238095238095238,2.24467119036051,1.0,9.0,6.0,6.5,2.2285714285714286,1.1142857142857143,0.2552150134508754,-1.2330900829252869,0.6028234336101084,0.6685971587322369,-0.6520283337486953,-0.3394113038666599,0.5356487269461346,0.4285281363415519,4.0,3.565709706956767,9.5,0.8914274267391917,2.7857142857142856,1.5551100755055172,4.5,0.5582446424891601,1.7213833578543594,3.0,0.713960140737194,2.83337304810678,4.0,0.9673408017324054,21.714285714285715,10.497813183356476,0.4834519229177325,15.714285714285714,3.946582091390173,0.2511461330884655,7.0,0.8919902635325087,0.02,0.8828653945488263,0.7872218936609645,1.0,,0.1282051282051239,4.147435897435899,2.2726945274586323,0.7794513048918548,5.523809523809524,47619047916.26984,0.0,0.0,0.0,0.0,1.7142857142857142,1.0301575072754257,0.0,4.0,1.0,1.2000000000000002,7.238095238095238,4.83936991082381,1.0,17.0,8.0,1.6666666666666663,0.3142857142857143,2.2285714285714286,0.5920357863557735,-0.781065088757396,0.608628205128205,0.6009252125773317,0.2552150134508754,-1.2330900829252869,0.6028234336101084,0.6685971587322369,1.1428571428571428,0.7889543583705185,2.5,0.6903350635742037,4.0,3.565709706956767,9.5,0.8914274267391917,4.153985766330357,4.0,0.7908206513460092,1.7213833578543594,3.0,0.713960140737194,5.142857142857143,2.2186592752362486,0.431405970184826,21.714285714285715,10.497813183356476,0.4834519229177325,7.0,0.3428652854392931,0.29,0.3504687092275088,0.2569822933700096,0.6666666666666666,,3.892764185320145,0.2665278500780847,2.102301665721701,0.1228283161475961,2.6666666666666665,88.82309488964302,0.0,0.0,0.0,0.0,5.0476190476190474,2.9516128032974733,1.0,11.0,4.0,2.363636363636364,5.238095238095238,2.24467119036051,1.0,9.0,6.0,6.5,1.6,1.1142857142857143,0.4312216642436571,-0.9947378775532548,0.5914199996287843,0.5847534798985561,-0.6520283337486953,-0.3394113038666599,0.5356487269461346,0.4285281363415519,2.9285714285714284,2.0946968998021687,6.5,0.7152623560300089,2.7857142857142856,1.5551100755055172,4.5,0.5582446424891601,1.992982773064235,3.0,0.759590783269676,2.83337304810678,4.0,0.9673408017324054,15.142857142857142,6.352245304470165,0.4194878974650109,15.714285714285714,3.946582091390173,0.2511461330884655
13,trees/tree013.csv,0,13042,10,2,29,8,3,0.5,0.02,0.5,0.1,0.1,0.1,True,True,8,fitness,2,representative,,,8.0,0.8439510995807908,0.01,0.8644828366128192,0.7756153333040147,0.9444444444444444,,0.3066424021838049,1.0573248407643308,0.7278958133494392,0.7473305747981466,0.4642857142857143,17.38095238024861,1.0,0.0,0.0059523809523809,0.0,2.75,1.1839703181607697,1.0,5.0,3.0,3.0,3.2142857142857144,1.448081066622378,1.0,6.0,3.0,3.916666666666667,0.8392857142857143,1.0714285714285714,0.1049045062624496,-0.9090023936062313,0.4835036407228577,0.4305346611493708,-0.094332167445804,-1.029250359635569,0.5119364414185344,0.4505141096158509,1.4375,0.3903123748998999,1.0,0.2715216521042782,1.625,0.7806247497997998,2.5,0.4803844614152614,1.7901204880265218,4.0,1.0049021726197882,1.5962515341427914,3.0,1.0444327244812242,8.25,2.2059173666688943,0.2673839232325932,9.642857142857142,2.9058350866868556,0.3013458608415998,8.0,0.8378972596810261,0.01,0.577182274773639,0.7681607734574096,0.9655172413793104,,2.280337827826345,0.0822344050970514,1.1825252198057252,0.3331393783128724,8.142857142857142,35.482210077552025,0.0,0.0,0.0,0.0,11.357142857142858,10.163710956543545,1.0,25.0,4.5,2.2,3.2142857142857144,1.448081066622378,1.0,6.0,3.0,3.916666666666667,1.1607142857142858,1.0714285714285714,0.2706220099033699,-1.864916027466772,0.9455126653307776,0.89491794585918,-0.094332167445804,-1.029250359635569,0.5119364414185344,0.4505141096158509,4.0,4.257346591481601,10.5,1.0643366478704002,1.625,0.7806247497997998,2.5,0.4803844614152614,56.29418093650158,3.0,0.1528603335874704,1.5962515341427914,3.0,1.0444327244812242,34.07142857142857,19.471460014648127,0.5714893924634671,9.642857142857142,2.9058350866868556,0.3013458608415998,8.0,0.8929796939357295,0.01,0.7434582382682615,0.8153509155877027,0.9626865671641792,,-6.193812556869886,6.382165605095541,6.797310621940695,0.5527301520489472,8.607142857142858,253.74999999192056,1.0,0.0,0.0059523809523809,0.0,2.75,1.1839703181607697,1.0,5.0,3.0,3.0,11.357142857142858,10.163710956543545,1.0,25.0,4.5,2.2,0.8392857142857143,1.1607142857142858,0.1049045062624496,-0.9090023936062313,0.4835036407228577,0.4305346611493708,0.2706220099033699,-1.864916027466772,0.9455126653307776,0.89491794585918,1.4375,0.3903123748998999,1.0,0.2715216521042782,4.0,4.257346591481601,10.5,1.0643366478704002,1.7901204880265218,4.0,1.0049021726197882,56.29418093650158,3.0,0.1528603335874704,8.25,2.2059173666688943,0.2673839232325932,34.07142857142857,19.471460014648127,0.5714893924634671,8.0,0.8220511043953791,0.01,0.8072154082575893,0.74006022557238,0.9640287769784172,,1.1812500000000004,0.4312500000000002,0.8547399353855282,0.6515967153284673,1.5,20.337301587021113,0.0,0.0,0.0,0.0,4.714285714285714,2.7105237087157534,1.0,9.0,4.5,1.4444444444444444,3.2142857142857144,1.448081066622378,1.0,6.0,3.0,3.916666666666667,1.0535714285714286,1.0714285714285714,0.0340384053698678,-1.4141898148148144,0.6313231068844545,0.5749595745760689,-0.094332167445804,-1.029250359635569,0.5119364414185344,0.4505141096158509,2.125,1.2183492931011204,3.0,0.573340843812292,1.625,0.7806247497997998,2.5,0.4803844614152614,5.56192130709426,3.0,0.6807632880331194,1.5962515341427914,3.0,1.0444327244812242,14.142857142857142,5.11450518284087,0.361631679594809,9.642857142857142,2.9058350866868556,0.3013458608415998
11,trees/tree011.csv,0,11042,10,2,68,19,1,0.5,0.02,0.5,0.5,0.1,0.1,True,True,8,fitness,2,representative,,,19.0,0.8501672751191653,0.01,0.853369565877121,0.708270348016385,0.8954128440366973,,1.38560411311054,1.431876606683805,1.669996223216991,0.7282396159653056,3.070175438596491,93.91952102030716,31.0,0.0,0.0106639146886824,0.0,3.9005847953216377,1.9092111924333248,1.0,8.0,4.0,2.3125,6.970760233918129,3.203482937494177,1.0,13.0,7.0,9.76923076923077,0.8679050567595459,1.0278637770897834,0.1370279995924813,-1.0806208078441597,0.5307844728315673,0.4894679368907025,-0.0663615780886518,-1.2469519037791836,0.5729471206247498,0.4595600522747519,1.6973684210526316,0.5881446483849213,1.75,0.3465038238546823,2.986842105263158,0.9335616723719348,4.0,0.3125580929527182,3.318825505225501,8.0,1.4827238142462869,6.485969701196503,8.0,1.2999951114720318,11.701754385964913,3.583128539645795,0.3062043879457426,20.912280701754387,5.974277841479426,0.285682749131147,19.0,0.5933848789083856,0.01,0.5825970105308699,0.4644575840216098,0.7975409836065573,,3.794299391661701,0.2471222948252269,2.6036665479612906,0.3394192766795066,6.269005847953216,46.65191741432955,0.0,0.0,0.0,0.0,12.853801169590644,7.552291402888971,1.0,32.0,13.0,12.5,6.970760233918129,3.203482937494177,1.0,13.0,7.0,9.76923076923077,2.825593395252838,1.0278637770897834,0.3144893376554186,-0.6262035240209114,0.4629308176244106,0.5875531528180228,-0.0663615780886518,-1.2469519037791836,0.5729471206247498,0.4595600522747519,5.565789473684211,4.8692389071215265,16.75,0.8748514348492578,2.986842105263158,0.9335616723719348,4.0,0.3125580929527182,1.6656991197422182,5.0,1.2888339645768006,6.485969701196503,8.0,1.2999951114720318,38.56140350877193,16.21828003575252,0.4205832402356204,20.912280701754387,5.974277841479426,0.285682749131147,19.0,0.673846311877188,0.01,0.644667395426184,0.5456299763938399,0.8279756733275413,,2.906845176664853,2.550119152609161,5.773448680892482,0.4155960507255798,8.953216374269006,243.71205791357343,31.0,0.0,0.0106639146886824,0.0,3.9005847953216377,1.9092111924333248,1.0,8.0,4.0,2.3125,12.853801169590644,7.552291402888971,1.0,32.0,13.0,12.5,0.8679050567595459,2.825593395252838,0.1370279995924813,-1.0806208078441597,0.5307844728315673,0.4894679368907025,0.3144893376554186,-0.6262035240209114,0.4629308176244106,0.5875531528180228,1.6973684210526316,0.5881446483849213,1.75,0.3465038238546823,5.565789473684211,4.8692389071215265,16.75,0.8748514348492578,3.318825505225501,8.0,1.4827238142462869,1.6656991197422182,5.0,1.2888339645768006,11.701754385964913,3.583128539645795,0.3062043879457426,38.56140350877193,16.21828003575252,0.4205832402356204,20.0,0.8350374629130323,0.01,0.8313482667936424,0.6794213363512617,0.8678429960388909,,1.160876951270087,0.9035634505544476,1.7384598748560358,0.6911399407007928,1.4631578947368422,10526315821.858715,0.0,0.0,0.0,0.0,6.252631578947368,2.878114957115367,0.0,12.0,7.0,6.923076923076923,6.810526315789474,3.1281228164141246,1.0,13.0,6.5,9.76923076923077,1.3964912280701751,1.137719298245614,-0.0613481219603529,-0.96373141371047,0.4929426298802316,0.4603045806834341,0.0302779803929478,-1.19777307196842,0.5553777609958876,0.459307059597128,2.55,0.8681877677092669,3.25,0.340465791258536,2.9375,0.7900751546530241,3.0,0.2689617547754975,2.297582442984621,6.0,1.3139477715873191,6.444931163559431,8.0,1.3163432499545005,18.757894736842104,5.399738374702561,0.2878648404022128,20.431578947368426,5.92376000481489,0.2899315818945979
12,trees/tree012.csv,0,12042,10,2,27,7,1,0.5,0.02,0.5,0.7,0.1,0.1,True,True,8,fitness,2,representative,,,7.0,0.6557754613067505,0.04,0.7322300082175855,0.5829219072943537,0.9117647058823528,,-0.6067415730337078,1.7303370786516854,1.446014429875155,0.5361607849343251,1.619047619047619,48.412698411223545,0.0,0.0,0.0,0.0,3.047619047619047,0.8984743935292003,1.0,4.0,3.0,2.875,4.666666666666667,2.123190172343614,1.0,8.0,5.0,4.9375,0.4857142857142857,1.4285714285714286,-0.8813465519154002,0.1659828304507016,0.5612070057626397,0.2948119103767688,-0.1569964564056902,-1.0514282880380874,0.5258456134992746,0.4549693226450602,2.142857142857143,0.5150787536377128,1.5,0.2403700850309326,2.357142857142857,0.9529760045804524,3.0,0.4042928504280707,1.5664422363838335,4.0,1.2686285342997805,2.9254237755972436,3.0,0.7227564634805155,9.142857142857142,1.5701293330324668,0.171732895800426,14.0,3.60951124510943,0.2578222317935307,7.0,0.7661243898427703,0.02,0.793203949406672,0.6155141257357474,0.8333333333333334,,0.902769926512154,0.4204352741661956,1.2929295422643077,0.6291725053543419,4.285714285714286,43.23298161481218,0.0,0.0,0.0,0.0,8.952380952380953,4.005664922821541,1.0,17.0,10.0,6.538461538461538,4.666666666666667,2.123190172343614,1.0,8.0,5.0,4.9375,2.2285714285714286,1.4285714285714286,-0.1428903151740118,-0.5703999155099075,0.4199940758500124,0.4474412945704913,-0.1569964564056902,-1.0514282880380874,0.5258456134992746,0.4549693226450602,5.285714285714286,2.864276807966203,9.0,0.5418902069125249,2.357142857142857,0.9529760045804524,3.0,0.4042928504280707,1.88738695664146,4.0,0.9991851407264114,2.9254237755972436,3.0,0.7227564634805155,26.857142857142858,8.01834631024505,0.2985554477218902,14.0,3.60951124510943,0.2578222317935307,7.0,0.5812420922615836,0.03,0.6489605747304292,0.5056479086164056,0.8235294117647058,,0.1348314606741603,2.8932584269662898,3.047598147333363,0.4211498275544489,5.904761904761905,190.07936507254297,0.0,0.0,0.0,0.0,3.047619047619047,0.8984743935292003,1.0,4.0,3.0,2.875,8.952380952380953,4.005664922821541,1.0,17.0,10.0,6.538461538461538,0.4857142857142857,2.2285714285714286,-0.8813465519154002,0.1659828304507016,0.5612070057626397,0.2948119103767688,-0.1428903151740118,-0.5703999155099075,0.4199940758500124,0.4474412945704913,2.142857142857143,0.5150787536377128,1.5,0.2403700850309326,5.285714285714286,2.864276807966203,9.0,0.5418902069125249,1.5664422363838335,4.0,1.2686285342997805,1.88738695664146,4.0,0.9991851407264114,9.142857142857142,1.5701293330324668,0.171732895800426,26.857142857142858,8.01834631024505,0.2985554477218902,7.0,0.968490872788026,0.02,0.9647809617065956,0.9231581168089782,1.0,,-0.2431729518855664,1.0968790637191166,0.5585148339490729,0.9308023040715032,0.3809523809523809,8.378684807058818,0.0,0.0,0.0,0.0,4.476190476190476,1.8674925286788169,1.0,8.0,4.0,4.0625,4.666666666666667,2.123190172343614,1.0,8.0,5.0,4.9375,1.3142857142857145,1.4285714285714286,-0.1381385070743547,-0.645978513970316,0.4329111918411271,0.4172057776835655,-0.1569964564056902,-1.0514282880380874,0.5258456134992746,0.4549693226450602,2.5,0.7559289460184544,2.5,0.3023715784073817,2.357142857142857,0.9529760045804524,3.0,0.4042928504280707,2.8233352012236113,3.0,0.7865666972611769,2.9254237755972436,3.0,0.7227564634805155,13.428571428571429,3.1376580373239644,0.2336553857581675,14.0,3.60951124510943,0.2578222317935307
10,trees/tree010.csv,0,10042,10,2,55,17,1,0.5,0.02,0.5,0.1,0.1,0.1,True,True,8,fitness,2,representative,,,17.0,0.7133500365493424,0.01,0.775241512712171,0.5812206176180242,0.841313269493844,,0.3580387685290765,2.4093500570125417,2.8355472117044385,0.6009994030322555,5.352941176470588,146.519607838186,0.0,0.0,0.0,0.0,3.5441176470588234,1.444399157897719,1.0,6.0,4.0,3.916666666666667,8.897058823529411,4.489005214974606,1.0,15.0,10.0,12.666666666666666,0.7,1.2808823529411764,-0.2270833165608524,-0.9346206139435896,0.5091397927952185,0.4075483101122195,-0.3468842294148917,-1.2930603362491258,0.6563375920124344,0.5045493464764846,1.7941176470588236,0.6710137968558726,2.75,0.3740076900508142,3.25,1.7802015748388786,6.75,0.547754330719655,1.4577734129696889,8.0,1.55673260320834,6.395193391360555,6.0,0.9720502980553578,10.632352941176473,2.7568332843654995,0.2592872245323014,26.691176470588236,7.641907201395504,0.2863083689779032,17.0,0.7360863372914828,0.01,0.7108290411583946,0.5622494765524868,0.7841233580810966,,4.071173173035514,0.4127801562686604,3.1574083585150334,0.505277925754163,3.926470588235294,38.61108294158904,0.0,0.0,0.0,0.0,11.691176470588236,7.730302012479994,1.0,31.0,12.0,1.5172413793103448,8.897058823529411,4.489005214974606,1.0,15.0,10.0,12.666666666666666,2.1470588235294117,1.2808823529411764,0.4851214386796941,-0.418369373530612,0.4785126104411376,0.661208222451119,-0.3468842294148917,-1.2930603362491258,0.6563375920124344,0.5045493464764846,4.147058823529412,5.135701755938672,22.25,1.2383961680986868,3.25,1.7802015748388786,6.75,0.547754330719655,1.5751661576729017,4.0,1.044794177363766,6.395193391360555,6.0,0.9720502980553578,35.0735294117647,16.029950071910967,0.4570384087588872,26.691176470588236,7.641907201395504,0.2863083689779032,17.0,0.8034643480301387,0.01,0.7921181016271777,0.674490962922545,0.8984476067270375,,-3.3335752047268543,4.239349020420854,4.718327824026694,0.6274510869254439,8.147058823529411,202.6960784254996,0.0,0.0,0.0,0.0,3.5441176470588234,1.444399157897719,1.0,6.0,4.0,3.916666666666667,11.691176470588236,7.730302012479994,1.0,31.0,12.0,1.5172413793103448,0.7,2.1470588235294117,-0.2270833165608524,-0.9346206139435896,0.5091397927952185,0.4075483101122195,0.4851214386796941,-0.418369373530612,0.4785126104411376,0.661208222451119,1.7941176470588236,0.6710137968558726,2.75,0.3740076900508142,4.147058823529412,5.135701755938672,22.25,1.2383961680986868,1.4577734129696889,8.0,1.55673260320834,1.5751661576729017,4.0,1.044794177363766,10.632352941176473,2.7568332843654995,0.2592872245323014,35.0735294117647,16.029950071910967,0.4570384087588872,18.0,0.7870425887715216,0.01,0.8550876102990838,0.6103079010267428,0.8238607270865336,,2.094840667678299,0.7475612399739864,2.294262497647259,0.731174821286998,2.045751633986928,32679738599.851425,0.0,0.0,0.0,0.0,8.738562091503267,5.061415289205656,0.0,18.0,11.0,12.789473684210526,8.627450980392156,4.424947624136951,1.0,15.0,10.0,12.666666666666666,1.4497549019607845,1.4448529411764706,-0.2482613030249602,-1.4084595894786651,0.6670478911885723,0.5792045918088747,-0.2580608704398651,-1.304369775385435,0.6290259499795302,0.5128916564340558,2.638888888888889,2.075355093816983,8.0,0.7864503513411726,3.138888888888889,1.734499251749907,6.75,0.5525838324158996,4.247879346068519,6.0,0.8911468823748369,6.472372939726526,6.0,0.9670816636451852,26.215686274509803,9.00612803462654,0.3435396632505262,25.88235294117647,7.7038240028955345,0.2976477455664184
16,trees/tree016.csv,0,16042,10,2,42,13,5,0.5,0.02,0.5,0.1,0.1,0.1,True,True,8,fitness,2,representative,,,13.0,0.5714800539687945,0.01,0.6524759692317049,0.4687084491670252,0.784688995215311,,2.009269162210338,1.5288770053475935,2.411403295407292,0.4257248904248527,3.717948717948718,119.27350426912024,2.0,0.0,0.0023310023310023,0.0,3.230769230769231,1.358006428396447,1.0,6.0,3.0,3.0833333333333335,6.948717948717949,3.1820709104954648,1.0,12.0,8.0,7.874999999999999,0.7797202797202797,1.3041958041958042,0.1303117633009231,-0.7144064743058127,0.4449527635696794,0.4203353230750907,-0.6217145344950894,-0.8000815765194877,0.6302638077864745,0.4579364040934433,1.6153846153846154,0.3161237950240501,1.0,0.1956956826339357,2.769230769230769,1.1200169060431566,4.0,0.4044505494044732,2.7974759996490373,6.0,1.345678873055226,1.4829673058465502,5.0,1.09534504195564,9.692307692307692,2.509369210657406,0.2589031725281451,20.846153846153847,5.6984940868136595,0.2733594949394006,13.0,0.7939277343830675,0.01,0.8630643087111755,0.6598192391278774,0.8632138114209827,,2.134005724197063,0.2119342852780072,1.607245082572369,0.744880000971099,15.76923076923077,60.989213042787895,0.0,0.0,0.0,0.0,22.71794871794872,12.958412212701573,1.0,50.0,26.5,27.434210526315788,6.948717948717949,3.1820709104954648,1.0,12.0,8.0,7.874999999999999,5.524475524475524,1.3041958041958042,-0.1196011546544707,-0.9732168362461318,0.5004503956486681,0.5704041493175634,-0.6217145344950894,-0.8000815765194877,0.6302638077864745,0.4579364040934433,7.820512820512821,4.137829202159738,12.333333333333334,0.529099471751573,2.769230769230769,1.1200169060431566,4.0,0.4044505494044732,2.417993206710207,4.0,0.8677216367780303,1.4829673058465502,5.0,1.09534504195564,68.15384615384616,24.811543583528017,0.3640519938892372,20.846153846153847,5.6984940868136595,0.2733594949394006,13.0,0.6968980152091954,0.01,0.7147511140734533,0.5652895083117951,0.845360824742268,,0.6830659536541929,6.8203208556149715,9.062840071335232,0.5108691550692426,19.487179487179485,591.5170939954811,2.0,0.0,0.0023310023310023,0.0,3.230769230769231,1.358006428396447,1.0,6.0,3.0,3.0833333333333335,22.71794871794872,12.958412212701573,1.0,50.0,26.5,27.434210526315788,0.7797202797202797,5.524475524475524,0.1303117633009231,-0.7144064743058127,0.4449527635696794,0.4203353230750907,-0.1196011546544707,-0.9732168362461318,0.5004503956486681,0.5704041493175634,1.6153846153846154,0.3161237950240501,1.0,0.1956956826339357,7.820512820512821,4.137829202159738,12.333333333333334,0.529099471751573,2.7974759996490373,6.0,1.345678873055226,2.417993206710207,4.0,0.8677216367780303,9.692307692307692,2.509369210657406,0.2589031725281451,68.15384615384616,24.811543583528017,0.3640519938892372,13.0,0.8514477171966438,0.01,0.8830805677640184,0.7251114397504672,0.8992805755395683,,1.851373591593876,0.4359570831750849,1.493095728933375,0.77983128916242,5.358974358974359,38461538506.102905,0.0,0.0,0.0,0.0,11.692307692307692,6.445645901289693,0.0,20.0,15.0,16.31578947368421,6.948717948717949,3.1820709104954648,1.0,12.0,8.0,7.874999999999999,1.667832167832168,1.3041958041958042,-0.5647486599375123,-1.1876147056719268,0.7277376687114439,0.551272346820829,-0.6217145344950894,-0.8000815765194877,0.6302638077864745,0.4579364040934433,3.871794871794872,2.205426336435608,5.666666666666666,0.5696134246423094,2.769230769230769,1.1200169060431566,4.0,0.4044505494044732,1.3887342205176327,3.0,0.9379321030415824,1.4829673058465502,5.0,1.09534504195564,35.07692307692308,11.816532760357427,0.3368748374663301,20.846153846153847,5.6984940868136595,0.2733594949394006
15,trees/tree015.csv,0,15042,10,2,91,28,3,0.5,0.02,0.5,0.7,0.1,0.1,True,True,8,fitness,2,representative,,,28.0,0.6040494287273916,0.01,0.5910256687773425,0.4752853330194347,0.7694271128757799,,2.9479720248815227,1.3487995668938946,2.930297890769029,0.349311341153705,4.28042328042328,2645502765.8657727,71.0,0.0,0.0072242572242572,0.0,3.82010582010582,1.591783795048111,0.0,8.0,4.0,3.1111111111111107,8.100529100529101,3.632663362644,1.0,17.0,8.0,9.0,0.8058608058608059,1.7512210012210012,0.3116252375570491,-0.3802607244563649,0.4187860597138318,0.4166857856843393,-0.1104146782981242,-0.5431605682607752,0.4119892362958113,0.4484476652774108,1.9357142857142855,0.5556298136312687,2.0,0.2870412321342348,3.3214285714285716,1.3849592935887896,5.8,0.4169769916181302,2.4474640461787485,11.0,1.9981791876175812,2.518666976671444,7.0,1.5349127293226057,11.46031746031746,3.2045564929957724,0.2796219654553097,24.3015873015873,7.3344577839638,0.3018098238992289,28.0,0.6900527291313677,0.01,0.6676250742865746,0.5238007491665148,0.7771194165907019,,4.274098692270715,0.1585085692407308,2.7045093594876253,0.4457232398161541,16.1984126984127,60.63146422157183,0.0,0.0,0.0,0.0,24.14021164021164,15.300479708828997,1.0,65.0,21.0,14.44,8.100529100529101,3.632663362644,1.0,17.0,8.0,9.0,5.06990231990232,1.7512210012210012,0.5307656662977612,-0.675305437464603,0.5513464922129917,0.63381713204793,-0.1104146782981242,-0.5431605682607752,0.4119892362958113,0.4484476652774108,8.835714285714285,5.9880961847959115,22.2,0.677715008788543,3.3214285714285716,1.3849592935887896,5.8,0.4169769916181302,2.8867611996977947,6.0,1.181439218476826,2.518666976671444,7.0,1.5349127293226057,72.42063492063492,32.80180783735972,0.4529345520555972,24.3015873015873,7.3344577839638,0.3018098238992289,28.0,0.7746473975628108,0.01,0.7682350928175001,0.6279617094565602,0.8120413155748845,,-4.068971041553744,7.384398236639416,9.794874792738508,0.5901851578363134,20.32010582010582,2645503151.643047,71.0,0.0,0.0072242572242572,0.0,3.82010582010582,1.591783795048111,0.0,8.0,4.0,3.1111111111111107,24.14021164021164,15.300479708828997,1.0,65.0,21.0,14.44,0.8058608058608059,5.06990231990232,0.3116252375570491,-0.3802607244563649,0.4187860597138318,0.4166857856843393,0.5307656662977612,-0.675305437464603,0.5513464922129917,0.63381713204793,1.9357142857142855,0.5556298136312687,2.0,0.2870412321342348,8.835714285714285,5.9880961847959115,22.2,0.677715008788543,2.4474640461787485,11.0,1.9981791876175812,2.8867611996977947,6.0,1.181439218476826,11.46031746031746,3.2045564929957724,0.2796219654553097,72.42063492063492,32.80180783735972,0.4529345520555972,28.0,0.6273746390968215,0.01,0.6451215434112751,0.4784851039574198,0.742205507703506,,2.668667211058386,0.6110844625654552,2.7756452981052284,0.4161818057733465,2.492063492063492,2645502681.34613,0.0,0.0,0.0,0.0,8.88888888888889,3.835000787557204,0.0,17.0,9.0,8.972222222222221,8.100529100529101,3.632663362644,1.0,17.0,8.0,9.0,1.978021978021978,1.7512210012210012,-0.204613536957118,-0.5215831577254413,0.4203758955051049,0.4314375886001854,-0.1104146782981242,-0.5431605682607752,0.4119892362958113,0.4484476652774108,3.9428571428571426,1.9776299977911096,6.4,0.5015728255267308,3.3214285714285716,1.3849592935887896,5.8,0.4169769916181302,1.8180204242654985,8.0,1.6361151990655676,2.518666976671444,7.0,1.5349127293226057,26.666666666666668,7.745927284669635,0.2904722731751112,24.3015873015873,7.3344577839638,0.3018098238992289
14,trees/tree014.csv,0,14042,10,2,133,44,3,0.5,0.02,0.5,0.5,0.1,0.1,True,True,8,fitness,2,representative,,,44.0,0.5225076902128356,0.01,0.5106624118147407,0.4189571402656715,0.7590982867448152,,4.439983373554249,0.9095715058232952,2.5482892191723394,0.2607760988404478,4.072938689217759,47568710494.82009,787.0,0.0,0.0198077116681767,0.0,4.105708245243129,1.6640170121672166,0.0,9.0,4.0,4.95,8.174418604651162,2.963880686056047,1.0,17.0,8.0,9.0,0.9290244639081848,1.6069918453639385,-0.2202002333611931,-0.5971436929916276,0.4363507462823371,0.4052935359192036,-0.2085378019732506,-0.1143099410467556,0.361607793468419,0.3625799985786914,1.681818181818182,0.7523516849527485,3.4,0.4473442451070396,3.268181818181819,0.923376395053582,3.6,0.2825351973738358,1.76758185583363,16.0,2.5090214999385885,3.388254762677625,11.0,2.0793730206143053,12.317124735729386,3.4099725399909957,0.2768480967071303,24.523255813953487,6.094307152951592,0.2485113395703352,44.0,0.4710407395996807,0.01,0.4486044797074339,0.3517685379814393,0.6795750116117046,,5.815404813379158,0.0820420957517486,2.648910259332022,0.2012459792135774,20.61733615221987,64.58523468511976,0.0,0.0,0.0,0.0,28.75369978858351,16.206438181520255,1.0,91.0,27.0,30.700000000000003,8.174418604651162,2.963880686056047,1.0,17.0,8.0,9.0,8.018649954696466,1.6069918453639385,0.7734565767801608,0.5791829928876266,0.4465362847723678,0.5636296650754811,-0.2085378019732506,-0.1143099410467556,0.361607793468419,0.3625799985786914,9.354545454545455,6.59943022834873,32.4,0.7054784500664336,3.268181818181819,0.923376395053582,3.6,0.2825351973738358,5.42276646773977,9.0,1.3183012631768083,3.388254762677625,11.0,2.0793730206143053,86.26109936575052,33.17608713145302,0.384600791960523,24.523255813953487,6.094307152951592,0.2485113395703352,44.0,0.4073955332787018,0.01,0.3130988447641454,0.3040019942716472,0.6752371195346839,,16.233842888158858,3.049378122503015,15.391587300660394,0.0980308865926423,24.647991543340385,179704017625.4673,787.0,0.0,0.0198077116681767,0.0,4.105708245243129,1.6640170121672166,0.0,9.0,4.0,4.95,28.75369978858351,16.206438181520255,1.0,91.0,27.0,30.700000000000003,0.9290244639081848,8.018649954696466,-0.2202002333611931,-0.5971436929916276,0.4363507462823371,0.4052935359192036,0.7734565767801608,0.5791829928876266,0.4465362847723678,0.5636296650754811,1.681818181818182,0.7523516849527485,3.4,0.4473442451070396,9.354545454545455,6.59943022834873,32.4,0.7054784500664336,1.76758185583363,16.0,2.5090214999385885,5.42276646773977,9.0,1.3183012631768083,12.317124735729386,3.4099725399909957,0.2768480967071303,86.26109936575052,33.17608713145302,0.384600791960523,45.0,0.4162188047096214,0.01,0.4444430172513663,0.312208636286319,0.680428090566472,,5.0860403889794386,0.3041862871296759,2.6547182702277303,0.1975295955835007,3.411111111111111,4040404083.334769,365.0,0.0,0.008574113225276,0.0,9.825252525252523,4.329925080051301,0.0,25.0,10.0,9.895833333333334,8.074747474747475,2.96349314203655,1.0,17.0,8.0,8.058823529411764,2.498167723749119,1.636504580690627,0.3114550358750442,0.0113904302041576,0.3642849589907057,0.4406935159094056,-0.1592052493150871,-0.168066228673497,0.3620657805599732,0.367007531976005,3.6488888888888886,2.134231292497733,9.2,0.5848989534859804,3.235555555555556,0.9075377079537932,3.6,0.2804889894087959,1.6041805451681732,9.0,1.924584953862314,3.4062080500215077,11.0,2.0842383707008425,29.475757575757576,9.080639289654297,0.3080714470634232,24.224242424242423,6.130196868277393,0.2530604161285388
17,trees/tree017.csv,0,17042,10,2,39,10,5,0.5,0.02,0.5,0.5,0.1,0.1,True,True,8,fitness,2,representative,,,10.0,0.8678407644966776,0.01,0.8611765659434312,0.7959475381061414,0.962085308056872,,-0.1580432737535305,1.4346190028222023,0.8676382136716612,0.741625077730121,0.9777777777777776,38.555555553589066,0.0,0.0,0.0,0.0,2.511111111111111,1.024634834079867,1.0,5.0,2.0,2.2,3.4444444444444446,1.7069212773041351,1.0,8.0,3.0,3.5,0.6083333333333333,0.8833333333333333,0.3418860456173731,-0.660484048677441,0.4774004928483151,0.4080404206512745,0.7115154973858755,-0.4875323182993387,0.599511911731618,0.4955577901850714,1.7666666666666668,0.5972157622389639,2.0,0.3380466578711116,2.2,0.9451631252505216,3.0,0.4296196023866007,1.8443205804594696,6.0,1.467602182185673,1.2217069898682882,6.0,1.1613181102594026,7.533333333333333,2.1982316125063397,0.2918006565273902,10.333333333333334,3.744625778662298,0.3623831398705449,10.0,0.5159602467194826,0.01,0.4369336209887194,0.4122769002101725,0.8615384615384616,,2.1953413502509234,0.0436410242536556,1.5353650250043125,0.1909109891503135,25.22222222222222,76.89525974085245,0.0,0.0,0.0,0.0,28.622222222222224,17.08968355326152,1.0,57.0,34.0,34.38461538461539,3.4444444444444446,1.7069212773041351,1.0,8.0,3.0,3.5,5.483333333333333,0.8833333333333333,-0.2387135204127473,-1.0790916387803222,0.5502522484501639,0.5970774533360003,0.7115154973858755,-0.4875323182993387,0.599511911731618,0.4955577901850714,10.933333333333334,9.136982239472967,28.666666666666664,0.835699595073747,2.2,0.9451631252505216,3.0,0.4296196023866007,4.23320032990767,3.0,0.7297479882655074,1.2217069898682882,6.0,1.1613181102594026,85.86666666666666,30.859610424559083,0.3593898729568216,10.333333333333334,3.744625778662298,0.3623831398705449,10.0,0.4956637735639262,0.01,0.4983482780467293,0.3903990146257699,0.8073770491803278,,7.750235183443074,8.311853245531523,14.816361348322184,0.2483510062321402,26.11111111111111,1070.5555555034323,0.0,0.0,0.0,0.0,2.511111111111111,1.024634834079867,1.0,5.0,2.0,2.2,28.622222222222224,17.08968355326152,1.0,57.0,34.0,34.38461538461539,0.6083333333333333,5.483333333333333,0.3418860456173731,-0.660484048677441,0.4774004928483151,0.4080404206512745,-0.2387135204127473,-1.0790916387803222,0.5502522484501639,0.5970774533360003,1.7666666666666668,0.5972157622389639,2.0,0.3380466578711116,10.933333333333334,9.136982239472967,28.666666666666664,0.835699595073747,1.8443205804594696,6.0,1.467602182185673,4.23320032990767,3.0,0.7297479882655074,7.533333333333333,2.1982316125063397,0.2918006565273902,85.86666666666666,30.859610424559083,0.3593898729568216,10.0,0.6243236273524718,0.01,0.5374744717361375,0.4928069717633357,0.8089430894308943,,1.4302708175145529,0.3283978739559607,1.4394126089654329,0.2888788077680395,2.911111111111111,45.10686227244543,0.0,0.0,0.0,0.0,6.133333333333334,2.7936435786342617,1.0,12.0,6.0,6.5,3.4444444444444446,1.7069212773041351,1.0,8.0,3.0,3.5,1.4416666666666669,0.8833333333333333,-0.1371754940565035,-0.5036477602337057,0.4081223394439826,0.455485366081673,0.7115154973858755,-0.4875323182993387,0.599511911731618,0.4955577901850714,3.3,1.4791138488222526,4.333333333333333,0.448216317824925,2.2,0.9451631252505216,3.0,0.4296196023866007,2.305046790287561,4.0,0.963734521747671,1.2217069898682882,6.0,1.1613181102594026,18.4,5.107837115648853,0.2775998432417855,10.333333333333334,3.744625778662298,0.3623831398705449
22,trees/tree022.csv,0,22042,10,2,98,33,3,0.5,0.05,0.5,0.1,0.1,0.1,True,True,8,fitness,2,representative,,,33.0,0.4492870977310261,0.01,0.4756724055350583,0.3505677927065304,0.7377145249058183,,4.373595228097895,1.0545360239089108,2.9725807780140654,0.2262642373875089,4.613636363636363,20833333452.55441,137.0,0.0,0.0083699902248289,0.0,4.401515151515151,1.5243470956288956,0.0,9.0,4.0,4.95,9.015151515151516,3.3793823366176188,1.0,17.0,9.0,8.058823529411764,0.9523460410557184,1.8896627565982405,-0.0246011075466202,-0.278876268605853,0.3677176465547445,0.3463232644113842,-0.0645860560754758,-0.5039930782214888,0.4023111273761491,0.3748558558264921,2.303030303030303,0.5849034359488382,2.8,0.2539712287672587,4.16969696969697,1.1991120069210932,4.8,0.2875777342179947,1.8097771199158932,13.0,2.2763645931490433,2.537080129558378,10.0,1.8439542462833467,13.204545454545457,2.982651674332293,0.2258806775742183,27.045454545454547,6.7742819369384355,0.2504776514498245,33.0,0.371039985799628,0.01,0.2037420292110203,0.2756727324784943,0.7087892939290444,,7.985170599409803,0.0447155010287468,3.3084984716407897,0.0415108144670243,14.132575757575758,51.17840232834372,0.0,0.0,0.0,0.0,23.03409090909091,15.397841887083215,1.0,84.0,20.0,21.75,9.015151515151516,3.3793823366176188,1.0,17.0,9.0,8.058823529411764,4.909274193548387,1.8896627565982405,1.8333859834520816,3.9994170860785614,0.6230953393237473,0.6684805555319797,-0.0645860560754758,-0.5039930782214888,0.4023111273761491,0.3748558558264921,10.872727272727271,9.22392385863317,50.8,0.8483542010448569,4.16969696969697,1.1991120069210932,4.8,0.2875777342179947,3.3442868252502667,8.0,1.5178461179904936,2.537080129558378,10.0,1.8439542462833467,69.10227272727273,35.38282190193147,0.5120355743084968,27.045454545454547,6.7742819369384355,0.2504776514498245,33.0,0.5352724491234001,0.01,0.4165059718923502,0.4154470317141655,0.7273961661341853,,4.515863116555898,4.207239360782482,13.99868588083286,0.1734772246219914,18.63257575757576,17045454988.08389,137.0,0.0,0.0083699902248289,0.0,4.401515151515151,1.5243470956288956,0.0,9.0,4.0,4.95,23.03409090909091,15.397841887083215,1.0,84.0,20.0,21.75,0.9523460410557184,4.909274193548387,-0.0246011075466202,-0.278876268605853,0.3677176465547445,0.3463232644113842,1.8333859834520816,3.9994170860785614,0.6230953393237473,0.6684805555319797,2.303030303030303,0.5849034359488382,2.8,0.2539712287672587,10.872727272727271,9.22392385863317,50.8,0.8483542010448569,1.8097771199158932,13.0,2.2763645931490433,3.3442868252502667,8.0,1.5178461179904936,13.204545454545457,2.982651674332293,0.2258806775742183,69.10227272727273,35.38282190193147,0.5120355743084968,33.0,0.598464652773731,0.01,0.6140834851083357,0.4498787006240953,0.7706715063520871,,3.877038906799367,0.4044310460956965,2.667147345726158,0.3770985266827983,4.306818181818182,33.65121256962439,0.0,0.0,0.0,0.0,12.704545454545457,5.131215575108584,1.0,28.0,13.0,13.5,9.015151515151516,3.3793823366176188,1.0,17.0,9.0,8.058823529411764,2.61766862170088,1.8896627565982405,0.200687276529815,-0.258013538682627,0.3793874979459816,0.4038881669137347,-0.0645860560754758,-0.5039930782214888,0.4023111273761491,0.3748558558264921,6.048484848484849,2.2368973658905333,8.399999999999999,0.3698277208135651,4.16969696969697,1.1991120069210932,4.8,0.2875777342179947,1.4112596228265164,9.0,1.8591965507489467,2.537080129558378,10.0,1.8439542462833467,38.11363636363637,10.762920570685129,0.282390283309568,27.045454545454547,6.7742819369384355,0.2504776514498245
18,trees/tree018.csv,0,18042,10,2,147,45,5,0.5,0.02,0.5,0.7,0.1,0.1,True,True,8,fitness,2,representative,,,45.0,0.7210534184056299,0.01,0.7687729483885257,0.608759648311326,0.8477124183006536,,1.3677007672393156,1.1673943748368116,1.5643183839629375,0.5910118461739866,2.2404040404040404,46.39870931427645,107.0,0.0,0.0025135071646699,0.0,5.056565656565657,1.6108321217548072,1.0,9.0,5.0,5.0,7.270707070707071,2.446075088470273,1.0,12.0,8.0,7.874999999999999,0.931782945736434,1.271035940803383,-0.2180066412244697,-0.2307204448518116,0.3782669372149825,0.3185624851253014,-0.4767825149635493,-0.3067144459112452,0.4556967844392641,0.3364287771027466,2.484444444444444,0.7583477817101407,2.8,0.3052383736758169,3.195555555555556,1.1581509315486105,4.6,0.3624255349074232,1.3057197530303677,17.0,2.612579644220866,1.5600105009641712,12.0,2.3594283547876227,15.16969696969697,3.226097878113169,0.2126672592443759,21.812121212121212,5.173188830356512,0.2371703687159834,45.0,0.3369387711965311,0.01,0.3340387936816513,0.2458797946327838,0.6333658312783162,,5.718181984991836,0.033535517430138,2.3055708884027797,0.1115819156842927,39.03232323232323,79.49846319685646,0.0,0.0,0.0,0.0,46.29494949494949,24.36473430026894,1.0,126.0,43.0,37.25,7.270707070707071,2.446075088470273,1.0,12.0,8.0,7.874999999999999,10.864129668780832,1.271035940803383,0.509791668470494,-0.2768149230953991,0.4626521920698916,0.5262935712442454,-0.4767825149635493,-0.3067144459112452,0.4556967844392641,0.3364287771027466,17.84888888888889,9.795069558421776,40.6,0.5487775524514192,3.195555555555556,1.1581509315486105,4.6,0.3624255349074232,2.8099062667932784,10.0,1.5970220472625534,1.5600105009641712,12.0,2.3594283547876227,138.88484848484848,51.75964525423793,0.372680287438875,21.812121212121212,5.173188830356512,0.2371703687159834,45.0,0.4784785588434045,0.01,0.4626553287042191,0.3691690483613688,0.7092619218787443,,10.90950807347137,6.997919897575577,21.6002686074537,0.214049953178409,41.23838383838384,847.1893538351718,107.0,0.0,0.0025135071646699,0.0,5.056565656565657,1.6108321217548072,1.0,9.0,5.0,5.0,46.29494949494949,24.36473430026894,1.0,126.0,43.0,37.25,0.931782945736434,10.864129668780832,-0.2180066412244697,-0.2307204448518116,0.3782669372149825,0.3185624851253014,0.509791668470494,-0.2768149230953991,0.4626521920698916,0.5262935712442454,2.484444444444444,0.7583477817101407,2.8,0.3052383736758169,17.84888888888889,9.795069558421776,40.6,0.5487775524514192,1.3057197530303677,17.0,2.612579644220866,2.8099062667932784,10.0,1.5970220472625534,15.16969696969697,3.226097878113169,0.2126672592443759,138.88484848484848,51.75964525423793,0.372680287438875,45.0,0.5119615453208989,0.01,0.5106215160987237,0.3912498079833579,0.7332417067532955,,4.476066221785947,0.317427081279476,2.10314905553917,0.2607343327029602,2.7474747474747474,30303030340.658432,0.0,0.0,0.0,0.0,8.804040404040403,3.934820447995496,0.0,22.0,8.0,7.173913043478262,7.270707070707071,2.446075088470273,1.0,12.0,8.0,7.874999999999999,2.0313601127554617,1.271035940803383,0.4484357779188367,0.4445474312798056,0.3486944717354091,0.4469334836525402,-0.4767825149635493,-0.3067144459112452,0.4556967844392641,0.3364287771027466,3.5333333333333345,2.236664182810345,9.6,0.6330181649463238,3.195555555555556,1.1581509315486105,4.6,0.3624255349074232,1.374596967613832,10.0,1.925634271781062,1.5600105009641712,12.0,2.3594283547876227,26.412121212121217,8.46728111926187,0.3205831538958716,21.812121212121212,5.173188830356512,0.2371703687159834
21,trees/tree021.csv,0,21042,10,2,109,42,1,0.5,0.05,0.5,0.7,0.1,0.1,True,True,8,fitness,2,representative,,,42.0,0.3169726357983838,0.01,0.3719037194526542,0.2540544607763718,0.687023207259295,,6.170703122406195,0.9940012040752644,3.873742898832398,0.1383123765427185,6.148664343786295,1161440354.953957,828.0,0.0,0.0240418118466898,0.0,4.448315911730546,1.5613471572638629,0.0,8.0,5.0,4.888888888888889,10.59233449477352,4.173071881571614,1.0,20.0,11.0,12.875,0.998780487804878,2.0462543554006967,-0.4395714921712393,-0.4254865988116538,0.4634751934788457,0.3509973635520067,-0.248505729458669,-0.5379033800181192,0.4312402238631882,0.3939709309246885,1.8714285714285712,0.5105019538630182,2.2,0.2727873035909258,3.723809523809525,1.2320732669559031,5.6,0.3308636650393089,1.422101772068283,16.0,2.534259449279088,3.790853736842637,8.0,1.7893901588725472,13.344947735191637,3.049276017470027,0.2284966624057174,31.777003484320556,8.13807847925311,0.2560996188098292,42.0,0.5225278396314784,0.01,0.4860022977799705,0.3832670644293508,0.7409417920209287,,7.0864804681989595,0.1641670917975031,3.647087599643151,0.2361982334474111,11.304297328687571,46.78559252404843,0.0,0.0,0.0,0.0,21.355400696864113,12.354013834553664,1.0,65.0,19.0,14.44,10.59233449477352,4.173071881571614,1.0,20.0,11.0,12.875,5.8548780487804875,2.0462543554006967,0.9521695501489552,0.6846106365917626,0.5174568062351573,0.5784959978001144,-0.248505729458669,-0.5379033800181192,0.4312402238631882,0.3939709309246885,7.714285714285714,4.607890304816781,22.799999999999997,0.5973191135873605,3.723809523809525,1.2320732669559031,5.6,0.3308636650393089,5.625418518848151,9.0,1.317837976253049,3.790853736842637,8.0,1.7893901588725472,64.06620209059234,26.368623932329022,0.4115840032946336,31.777003484320556,8.13807847925311,0.2560996188098292,42.0,0.3443833430162616,0.01,0.2806410419762343,0.2642672089308755,0.6482116043583721,,11.477710220695478,2.2205460835460036,11.857540574479987,0.0787593944415064,16.907084785133566,1161440623.1202643,828.0,0.0,0.0240418118466898,0.0,4.448315911730546,1.5613471572638629,0.0,8.0,5.0,4.888888888888889,21.355400696864113,12.354013834553664,1.0,65.0,19.0,14.44,0.998780487804878,5.8548780487804875,-0.4395714921712393,-0.4254865988116538,0.4634751934788457,0.3509973635520067,0.9521695501489552,0.6846106365917626,0.5174568062351573,0.5784959978001144,1.8714285714285712,0.5105019538630182,2.2,0.2727873035909258,7.714285714285714,4.607890304816781,22.799999999999997,0.5973191135873605,1.422101772068283,16.0,2.534259449279088,5.625418518848151,9.0,1.317837976253049,13.344947735191637,3.049276017470027,0.2284966624057174,64.06620209059234,26.368623932329022,0.4115840032946336,42.0,0.7180511927797996,0.01,0.7438788510776838,0.5648319575963793,0.8345903861527232,,2.9372137686675948,0.8910448756492088,2.7889243980716008,0.5533557450806539,2.700348432055749,39.413609651922584,10.0,0.0,0.0002903600464576,0.0,8.591173054587689,3.483842398472183,1.0,20.0,9.0,10.025,10.59233449477352,4.173071881571614,1.0,20.0,11.0,12.875,1.8040069686411149,2.0462543554006967,0.0587167993497986,-0.3026411841280594,0.3720111898429475,0.4055141685932877,-0.248505729458669,-0.5379033800181192,0.4312402238631882,0.3939709309246885,3.5142857142857147,1.3274701016400705,6.0,0.3777353947756298,3.723809523809525,1.2320732669559031,5.6,0.3308636650393089,3.4143204401282943,10.0,1.8645419985940863,3.790853736842637,8.0,1.7893901588725472,25.773519163763066,6.783313392226463,0.2631892582897113,31.777003484320556,8.13807847925311,0.2560996188098292
23,trees/tree023.csv,0,23042,10,2,68,25,3,0.5,0.05,0.5,0.5,0.1,0.1,True,True,8,fitness,2,representative,,,25.0,0.6386195810436149,0.01,0.6775293864715051,0.5164832906665117,0.8088870602756635,,2.5287999999999977,1.416,2.248067614641517,0.4590460695324541,4.206666666666667,113.92619047238892,54.0,0.0,0.0078260869565217,0.0,4.033333333333333,1.462494064565354,1.0,8.0,4.0,4.0625,8.24,3.0565339847611703,1.0,16.0,8.0,8.96875,0.8647826086956522,1.5282608695652171,-0.1664238818406928,-0.4479681565188063,0.4026975255312868,0.3626018341897571,-0.2248387449211777,-0.2271966899905693,0.3788773828368508,0.3709385903836372,2.264,0.7347816002051222,2.6,0.3245501767690468,4.248,1.2853388658248843,6.3999999999999995,0.3025750625764793,1.7627685076557462,11.0,2.1424318220637653,2.11660941125778,10.0,1.7691575567725837,12.1,2.9718242092080045,0.2456053065461161,24.72,6.123073965142728,0.2476971668747058,25.0,0.4881608953689737,0.01,0.5366439924933868,0.3684566955808905,0.7375249500998003,,4.6625738063314115,0.1701375805486011,2.579130154962453,0.2879867746792421,12.846666666666666,54.59572614893988,0.0,0.0,0.0,0.0,21.026666666666667,9.640848279874316,1.0,44.0,22.0,25.920454545454547,8.24,3.0565339847611703,1.0,16.0,8.0,8.96875,4.3,1.5282608695652171,-0.1108040201025289,-0.6713999498476726,0.4347150687404059,0.4585057837606681,-0.2248387449211777,-0.2271966899905693,0.3788773828368508,0.3709385903836372,10.408,6.306182363363749,22.4,0.6058976136975163,4.248,1.2853388658248843,6.3999999999999995,0.3025750625764793,2.12933028794262,8.0,1.7230231786068355,2.11660941125778,10.0,1.7691575567725837,63.08,20.538207025592257,0.3255898387062818,24.72,6.123073965142728,0.2476971668747058,25.0,0.5881728427159617,0.01,0.628083449457933,0.47529548840822,0.7814070351758794,,4.327200000000004,4.140363636363637,7.501987421525529,0.3944888194829763,16.993333333333332,429.4238095109198,54.0,0.0,0.0078260869565217,0.0,4.033333333333333,1.462494064565354,1.0,8.0,4.0,4.0625,21.026666666666667,9.640848279874316,1.0,44.0,22.0,25.920454545454547,0.8647826086956522,4.3,-0.1664238818406928,-0.4479681565188063,0.4026975255312868,0.3626018341897571,-0.1108040201025289,-0.6713999498476726,0.4347150687404059,0.4585057837606681,2.264,0.7347816002051222,2.6,0.3245501767690468,10.408,6.306182363363749,22.4,0.6058976136975163,1.7627685076557462,11.0,2.1424318220637653,2.12933028794262,8.0,1.7230231786068355,12.1,2.9718242092080045,0.2456053065461161,63.08,20.538207025592257,0.3255898387062818,25.0,0.6654324063338923,0.01,0.7021181744215726,0.5227028022556781,0.783840139009557,,3.375011673941729,0.432443406760735,2.176436931775918,0.4929699308530813,3.69,32.734513265985186,53.0,0.0,0.0076811594202898,0.0,11.25,4.962610200287748,1.0,26.0,11.0,13.5,8.24,3.0565339847611703,1.0,16.0,8.0,8.96875,2.833478260869565,1.5282608695652171,0.0816889296847218,-0.3171473614865765,0.3752248881589098,0.4411209066922442,-0.2248387449211777,-0.2271966899905693,0.3788773828368508,0.3709385903836372,5.6160000000000005,2.688,9.2,0.4786324786324786,4.248,1.2853388658248843,6.3999999999999995,0.3025750625764793,1.5232076474173015,8.0,1.757394656308292,2.11660941125778,10.0,1.7691575567725837,33.75,10.65194919904946,0.3156133096014655,24.72,6.123073965142728,0.2476971668747058
28,trees/tree028.csv,0,28042,20,2,90,32,1,0.5,0.01,0.5,0.1,0.1,0.1,True,True,8,fitness,2,representative,,,32.0,0.4029624168197536,0.01,0.473513774120975,0.3157490614977125,0.6708220076858187,,4.919869861242802,1.0894021661064617,3.048950072386324,0.2242152942822898,5.306451612903226,16129032399.935516,152.0,0.0,0.0102150537634408,0.0,4.233870967741935,1.50461050027714,0.0,9.0,4.0,4.05,9.53225806451613,3.461622507584501,1.0,18.0,10.0,10.916666666666668,0.9784274193548388,1.696975806451613,0.1810225176306233,0.4704428082631757,0.2975900220658559,0.3553746705416483,-0.2680648566362695,-0.4515003796158847,0.4205842366191409,0.3631482156856836,2.2625,0.6565772993334449,3.2,0.2901999113075999,4.3125,1.1179641094418014,4.800000000000001,0.2592380543633162,2.147847784804031,13.0,2.2458411180158557,3.751211529431184,11.0,1.8072941509747673,12.701612903225806,3.0471558359994924,0.2399030626437695,28.596774193548388,6.598899413170387,0.2307567758694664,32.0,0.4899564919701876,0.01,0.4969189369615944,0.3637827921493066,0.7032861597505397,,5.5003154936040755,0.3706159220111891,3.0039855013221,0.2469284299110411,3.3024193548387095,31.76781479939826,0.0,0.0,0.0,0.0,10.879032258064516,4.6413164531535935,1.0,29.0,11.0,11.23076923076923,9.53225806451613,3.461622507584501,1.0,18.0,10.0,10.916666666666668,2.511491935483871,1.696975806451613,0.5183655522897946,0.5190193846573155,0.3605273819553714,0.4266295331290182,-0.2680648566362695,-0.4515003796158847,0.4205842366191409,0.3631482156856836,5.59375,2.5502374276721764,10.2,0.4559083669581544,4.3125,1.1179641094418014,4.800000000000001,0.2592380543633162,1.730093706833698,10.0,2.0283857568972716,3.751211529431184,11.0,1.8072941509747673,32.63709677419355,10.314361016766048,0.3160318176622164,28.596774193548388,6.598899413170387,0.2307567758694664,32.0,0.4238587915251504,0.01,0.4818565705331863,0.3390966379705352,0.7073601935423839,,4.585818322847567,1.486397196127431,4.066954026557729,0.2321857545660036,6.645161290322581,12096774367.96371,152.0,0.0,0.0102150537634408,0.0,4.233870967741935,1.50461050027714,0.0,9.0,4.0,4.05,10.879032258064516,4.6413164531535935,1.0,29.0,11.0,11.23076923076923,0.9784274193548388,2.511491935483871,0.1810225176306233,0.4704428082631757,0.2975900220658559,0.3553746705416483,0.5183655522897946,0.5190193846573155,0.3605273819553714,0.4266295331290182,2.2625,0.6565772993334449,3.2,0.2901999113075999,5.59375,2.5502374276721764,10.2,0.4559083669581544,2.147847784804031,13.0,2.2458411180158557,1.730093706833698,10.0,2.0283857568972716,12.701612903225806,3.0471558359994924,0.2399030626437695,32.63709677419355,10.314361016766048,0.3160318176622164,32.0,0.4600511969545805,0.01,0.5000572498691783,0.3445608927031265,0.6868105126541207,,5.299065443762165,0.4782832664906518,2.99773860335011,0.2500572531467271,2.870967741935484,37.95560828059113,1.0,0.0,6.720430107526882e-05,0.0,8.850806451612904,3.619213868653682,1.0,22.0,9.0,7.204545454545455,9.53225806451613,3.461622507584501,1.0,18.0,10.0,10.916666666666668,1.9118951612903223,1.696975806451613,0.3522837674980166,0.2552958509515775,0.3453154196458065,0.408913457597318,-0.2680648566362695,-0.4515003796158847,0.4205842366191409,0.3631482156856836,4.5,1.9006577808748213,8.4,0.4223683957499602,4.3125,1.1179641094418014,4.800000000000001,0.2592380543633162,1.5236661317993796,11.0,2.003796963533349,3.751211529431184,11.0,1.8072941509747673,26.552419354838708,7.886191113316645,0.2970046159609002,28.596774193548388,6.598899413170387,0.2307567758694664
20,trees/tree020.csv,0,20042,10,2,246,89,1,0.5,0.05,0.5,0.5,0.1,0.1,True,True,8,fitness,2,representative,,,89.0,0.2476658409853445,0.01,0.2783448660340128,0.1973340230974582,0.6290631915416769,,8.389434085241875,0.6004230291694472,3.2677936709076736,0.0774758644474926,6.5153217568947905,8426966465.978516,,,,,4.694075587334014,1.577217665789146,0.0,10.0,5.0,5.0,11.207865168539326,3.402246364540321,1.0,22.0,11.0,11.977272727272728,,,-0.2202086476282317,-0.3598429252019954,0.3971323746222462,0.3360017614639481,-0.3404752640940662,0.1838426062409222,0.3504957824461885,0.3035588235028457,1.844943820224719,0.5903743310615877,3.0,0.319995831086975,4.0426966292134825,1.2869166740483604,7.6,0.3183312506678824,2.2174945831737087,25.0,3.236148232985432,2.616038417145347,16.0,2.684054267469522,,,,,,,89.0,0.331105984422538,0.01,0.2991216233804831,0.2426780450579284,0.6452410383189122,,9.193216221383018,0.1178713511782709,3.24647449370562,0.0894737455737756,6.791113381001021,35.04127849239519,,,,,17.091930541368743,8.633866037239978,1.0,66.0,16.0,14.65,11.207865168539326,3.402246364540321,1.0,22.0,11.0,11.977272727272728,,,2.0078259341245093,7.414363693425782,0.4831178485651581,0.5051428225935539,-0.3404752640940662,0.1838426062409222,0.3504957824461885,0.3035588235028457,6.085393258426967,4.542917702296861,37.6,0.7465282044025491,4.0426966292134825,1.2869166740483604,7.6,0.3183312506678824,1.840490891909784,13.0,2.219617954301726,2.616038417145347,16.0,2.684054267469522,,,,,,,89.0,0.2593980843366697,0.01,0.2471048677088279,0.2022824067187885,0.6445336351297218,,10.742349766397592,1.352679703774728,8.36611899996483,0.0610608156453974,12.39785495403473,11491317982.504025,,,,,4.694075587334014,1.577217665789146,0.0,10.0,5.0,5.0,17.091930541368743,8.633866037239978,1.0,66.0,16.0,14.65,,,-0.2202086476282317,-0.3598429252019954,0.3971323746222462,0.3360017614639481,2.0078259341245093,7.414363693425782,0.4831178485651581,0.5051428225935539,1.844943820224719,0.5903743310615877,3.0,0.319995831086975,6.085393258426967,4.542917702296861,37.6,0.7465282044025491,2.2174945831737087,25.0,3.236148232985432,1.840490891909784,13.0,2.219617954301726,,,,,,,90.0,0.3899552943459656,0.01,0.44969661046250065,0.29228645547103366,0.6732172246923285,,7.148345040547685,0.44499706135338046,3.0311040352622114,0.2022270414614611,3.302871410736579,45.34877518986708,,,,,9.081897627965043,3.4294435468025983,1.0,23.0,9.0,8.173913043478262,11.18976279650437,3.3936041875764986,1.0,22.0,11.0,11.977272727272727,,,0.4583633574283778,0.347863432793718,0.36145350362252254,0.37761310326188124,-0.33767648485334634,0.1945166431898171,0.3487305069447144,0.3032775805253571,3.3222222222222224,1.1755639571218364,8.0,0.35384868274570325,4.002222222222222,1.247038962037476,7.6,0.3115866368222456,2.6501502751623853,15.0,2.411062451052023,2.5994545989023172,16.0,2.6866015337471043,,,,,,
29,trees/tree029.csv,0,29042,20,2,83,28,1,0.5,0.01,0.5,0.5,0.1,0.1,True,True,8,fitness,2,representative,,,28.0,0.5010810062814529,0.01,0.4675009642070263,0.4219029108468458,0.758320460609465,,3.562352782825221,0.8956714858803185,2.6192789791844873,0.2185571515344992,3.124338624338624,94.33453010433416,92.0,0.0,0.0093610093610093,0.0,4.198412698412699,1.5465604845351255,1.0,8.0,4.0,4.0625,7.322751322751323,2.963010203705035,1.0,17.0,7.0,8.5,0.952075702075702,1.602869352869353,-0.1145115899711605,-0.4899916812506859,0.4036293014130473,0.3683679036888957,0.149903652282723,-0.0341207553006346,0.3447446846647803,0.4046307286851529,2.164285714285714,0.5733450006722989,2.4000000000000004,0.264911881498752,3.635714285714286,1.236415985741012,6.199999999999999,0.3400751237794531,1.070174237912372,12.0,2.1421666809328763,2.3777814522339544,10.0,1.8030535482437569,12.595238095238097,3.081082027040529,0.2446227696327074,21.96825396825397,6.205985393531868,0.2824978900234882,28.0,0.4754866617689078,0.01,0.477754026850503,0.3509440815517232,0.7177240331814464,,4.449931196466952,0.1090615655052213,2.6029856433386667,0.2282489101718712,19.055555555555557,67.07081882101667,0.0,0.0,0.0,0.0,26.34126984126984,12.979733509798525,1.0,68.0,25.0,20.43,7.322751322751323,2.963010203705035,1.0,17.0,7.0,8.5,6.036019536019536,1.602869352869353,0.3861327714421056,-0.0157441726164639,0.3850536226276017,0.492752763553665,0.149903652282723,-0.0341207553006346,0.3447446846647803,0.4046307286851529,11.457142857142856,6.531212344877294,21.0,0.5700559403259483,3.635714285714286,1.236415985741012,6.199999999999999,0.3400751237794531,1.9110777488115656,6.0,1.4810832383832973,2.3777814522339544,10.0,1.8030535482437569,79.02380952380952,27.363659932052723,0.3462710807912668,21.96825396825397,6.205985393531868,0.2824978900234882,28.0,0.4178797661095619,0.01,0.4188752667423252,0.3195859749635643,0.6857105674128058,,11.581869573995574,3.5154715192373507,11.786166311898194,0.1754564890884541,22.142857142857142,585.034643466819,92.0,0.0,0.0093610093610093,0.0,4.198412698412699,1.5465604845351255,1.0,8.0,4.0,4.0625,26.34126984126984,12.979733509798525,1.0,68.0,25.0,20.43,0.952075702075702,6.036019536019536,-0.1145115899711605,-0.4899916812506859,0.4036293014130473,0.3683679036888957,0.3861327714421056,-0.0157441726164639,0.3850536226276017,0.492752763553665,2.164285714285714,0.5733450006722989,2.4000000000000004,0.264911881498752,11.457142857142856,6.531212344877294,21.0,0.5700559403259483,1.070174237912372,12.0,2.1421666809328763,1.9110777488115656,6.0,1.4810832383832973,12.595238095238097,3.081082027040529,0.2446227696327074,79.02380952380952,27.363659932052723,0.3462710807912668,28.0,0.7120637874168364,0.01,0.6928705462010895,0.5634020518589784,0.8242049469964664,,2.297920350256799,0.6500294687210567,2.1365140601405623,0.4800695937929963,1.8412698412698412,26.666624086623386,0.0,0.0,0.0,0.0,7.73015873015873,3.1582914268175917,1.0,16.0,8.0,8.03125,7.322751322751323,2.963010203705035,1.0,17.0,7.0,8.5,1.7677045177045176,1.602869352869353,0.03474203770027036,-0.5124736033609465,0.4024910089542437,0.4085674741057665,0.14990365228272304,-0.03412075530063463,0.3447446846647803,0.40463072868515293,3.6928571428571426,1.3196126518870634,6.0,0.3573419173388567,3.635714285714286,1.236415985741012,6.199999999999999,0.34007512377945315,1.9473166307382601,10.0,1.7661214000674386,2.3777814522339544,10.0,1.8030535482437566,23.19047619047619,6.414963211811574,0.2766205902423882,21.96825396825397,6.205985393531868,0.2824978900234882
25,trees/tree025.csv,0,25042,10,2,203,78,5,0.5,0.05,0.5,0.1,0.1,0.1,True,True,8,fitness,2,representative,,,78.0,0.6527567144575476,0.01,0.6376934502216293,0.5139881660043961,0.7589792346682331,,3.93095922535501,1.3322389901005307,2.9639444649022977,0.4066529364555654,5.482184482184482,4995005132.794031,,,,,4.666999666999667,1.8418127704479548,0.0,10.0,5.0,4.090909090909091,10.148518148518148,3.847828113026824,1.0,21.0,10.0,9.095238095238097,,,0.2299108046273803,-0.5377800589013231,0.4276055767847486,0.3946460042565257,0.1690076102491172,-0.4335956076376219,0.4007800077739594,0.379151720154205,1.9564102564102568,0.7576261414122512,4.4,0.3872532046537063,3.9230769230769216,1.378676723131044,7.200000000000001,0.3514274000137956,1.7648253311490676,20.0,2.918731807904829,1.7128435009275138,19.0,2.54960538315588,,,,,,,78.0,0.5940391798267092,0.01,0.5994108825984796,0.4475106876531368,0.7312512862212451,,5.230097968279907,0.1809208432501465,3.0799613038900664,0.3592934061774885,17.106227106227106,58.401058223575205,,,,,27.185481185481187,12.748282640534216,1.0,81.0,26.0,17.8,10.148518148518148,3.847828113026824,1.0,21.0,10.0,9.095238095238097,,,0.5020074261629162,-0.0811351215830042,0.428937791941135,0.4689371710419688,0.1690076102491172,-0.4335956076376219,0.4007800077739594,0.379151720154205,10.305128205128206,5.902952269532928,25.6,0.5728169656924215,3.9230769230769216,1.378676723131044,7.200000000000001,0.3514274000137956,1.286965502991526,11.0,2.2410738451978167,1.7128435009275138,19.0,2.54960538315588,,,,,,,78.0,0.5824428026677116,0.01,0.5825742835218379,0.4464764704783353,0.7501289894597184,,8.366535737308038,4.032343430671708,10.36151682075538,0.3393927958209828,22.51848151848152,13320013844.831133,,,,,4.666999666999667,1.8418127704479548,0.0,10.0,5.0,4.090909090909091,27.185481185481187,12.748282640534216,1.0,81.0,26.0,17.8,,,0.2299108046273803,-0.5377800589013231,0.4276055767847486,0.3946460042565257,0.5020074261629162,-0.0811351215830042,0.428937791941135,0.4689371710419688,1.9564102564102568,0.7576261414122512,4.4,0.3872532046537063,10.305128205128206,5.902952269532928,25.6,0.5728169656924215,1.7648253311490676,20.0,2.918731807904829,1.286965502991526,11.0,2.2410738451978167,,,,,,,78.0,0.6603232712152663,0.01,0.6806907252256736,0.4985121874552616,0.7417147920519702,,4.939518152707154,0.35247813126524813,2.818806938117121,0.4633398634082634,5.845154845154845,7992008037.799263,,,,,14.778221778221779,7.430761447237164,0.0,40.0,14.0,20.526315789473685,10.148518148518148,3.847828113026824,1.0,21.0,10.0,9.095238095238095,,,0.2689178124256244,-0.567059164791524,0.44074922592513344,0.5028183741421214,0.16900761024911723,-0.43359560763762195,0.40078000777395945,0.37915172015420506,4.86153846153846,3.0172678577553875,11.799999999999999,0.6206405403610767,3.9230769230769216,1.378676723131044,7.200000000000001,0.35142740001379563,1.7194203365601581,12.0,2.1842859685228273,1.7128435009275138,19.0,2.54960538315588,,,,,,
27,trees/tree027.csv,0,27042,10,2,168,75,5,0.5,0.05,0.5,0.7,0.1,0.1,True,True,8,fitness,2,representative,,,75.0,0.4217589803229374,0.01,0.4300407700270756,0.3237629692315737,0.690433206984072,,6.139212557427727,0.9553591770549398,3.7306019163388062,0.1849350638854801,5.973333333333334,14054054234.911257,,,,,4.32936936936937,1.8600548666126793,0.0,10.0,4.0,4.090909090909091,10.275315315315316,4.132213991088049,1.0,24.0,10.0,10.104166666666668,,,0.2837930255602257,-0.2077618171880213,0.3869793372241795,0.4296364453845667,0.1483137637908638,-0.3106363710317303,0.3800144247960565,0.4021496045896519,1.416,0.5403801131302546,3.1999999999999997,0.3816243736795583,3.5626666666666664,1.5938860965856023,7.4,0.4473856932781445,1.4047583222112392,21.0,2.932865392140267,1.4250963084301536,11.0,2.306500345830195,,,,,,,75.0,0.1961488468399548,0.02,0.2398100826963728,0.1387065957018203,0.6021282835940656,,8.484515582772792,0.0415611713457011,4.011635245865049,0.0575088757628412,32.916756756756754,70.3111783063919,,,,,43.08828828828829,23.843085910147867,1.0,138.0,39.0,29.770000000000003,10.275315315315316,4.132213991088049,1.0,24.0,10.0,10.104166666666668,,,1.1216156103351944,1.5274201268947012,0.4987435479941505,0.5533542142733154,0.1483137637908638,-0.3106363710317303,0.3800144247960565,0.4021496045896519,13.776,9.36523842017205,44.8,0.6798227656919316,3.5626666666666664,1.5938860965856023,7.4,0.4473856932781445,4.043435802231812,9.0,1.7347401836256455,1.4250963084301536,11.0,2.306500345830195,,,,,,,75.0,0.4956519683801837,0.01,0.5245506813093859,0.373237043148909,0.6674007988353429,,13.977845975855724,6.723945182037662,20.299507975452418,0.2751534172621409,38.75891891891891,9369370371.720991,,,,,4.32936936936937,1.8600548666126793,0.0,10.0,4.0,4.090909090909091,43.08828828828829,23.843085910147867,1.0,138.0,39.0,29.770000000000003,,,0.2837930255602257,-0.2077618171880213,0.3869793372241795,0.4296364453845667,1.1216156103351944,1.5274201268947012,0.4987435479941505,0.5533542142733154,1.416,0.5403801131302546,3.1999999999999997,0.3816243736795583,13.776,9.36523842017205,44.8,0.6798227656919316,1.4047583222112392,21.0,2.932865392140267,4.043435802231812,9.0,1.7347401836256455,,,,,,,75.0,0.2861747850368956,0.01,0.3308472935864195,0.2092580190499247,0.623258638344486,,6.235164491503448,0.30484864279516893,3.899505490093539,0.10945993167345791,4.612972972972973,720720757.2351347,,,,,13.252972972972973,4.484624904136473,0.0,30.0,14.0,15.5,10.275315315315316,4.132213991088049,1.0,24.0,10.0,10.104166666666668,,,-0.17554324694492668,0.3115113196904473,0.31128247257337655,0.33838633137500923,0.14831376379086386,-0.31063637103173036,0.3800144247960565,0.40214960458965193,4.776,2.2665003860577655,12.4,0.47456038234040315,3.5626666666666664,1.5938860965856025,7.3999999999999995,0.4473856932781445,1.1117448347398644,15.0,2.6220718616768073,1.4250963084301536,11.0,2.306500345830195,,,,,,
31,trees/tree031.csv,0,31042,20,2,27,9,3,0.5,0.01,0.5,0.1,0.1,0.1,True,True,8,fitness,2,representative,,,9.0,0.777283504620443,0.01,0.8787700188951312,0.6906459660151412,0.8829787234042553,,0.6712062256809365,1.0515564202334622,1.0172395315713203,0.7722367461089494,0.8888888888888888,23.356481480680337,5.0,0.0,0.0198412698412698,0.0,4.222222222222222,1.7812466157646,1.0,9.0,4.0,4.5,5.111111111111111,2.1314806770278754,1.0,10.0,5.0,5.05,1.2142857142857142,1.2738095238095235,0.4888321724378735,0.6910324153280141,0.3356667602444308,0.4218741984705631,0.0786886936200448,-0.2119786743856333,0.3608982116669805,0.4170288281141495,2.814814814814815,0.917741606915842,2.666666666666667,0.3260397814043123,3.259259259259259,1.235061629669116,4.0,0.3789393636484788,3.846888182374258,5.0,1.052286621163876,2.1398267210516786,6.0,1.1118287424188342,12.666666666666666,3.461809784509684,0.2733007724612908,15.333333333333334,4.235151465592221,0.2762055303647101,9.0,0.8816177398468581,0.01,0.9153776720762764,0.7713483073470421,0.8873239436619719,,0.7125802967426513,0.2647944971860611,0.8581260665020439,0.8379162825357829,11.5,65.72076949100298,0.0,0.0,0.0,0.0,16.61111111111111,7.368392625026384,1.0,33.0,17.5,17.727272727272727,5.111111111111111,2.1314806770278754,1.0,10.0,5.0,5.05,3.702380952380953,1.2738095238095235,-0.3215934961372542,-0.350175882474566,0.4164134402204116,0.4435821647173074,0.0786886936200448,-0.2119786743856333,0.3608982116669805,0.4170288281141495,9.703703703703702,4.715209026026533,14.666666666666666,0.4859184874149481,3.259259259259259,1.235061629669116,4.0,0.3789393636484788,2.063985372039402,4.0,1.1172709813894854,2.1398267210516786,6.0,1.1118287424188342,49.833333333333336,14.159662133894006,0.284140377268776,15.333333333333334,4.235151465592221,0.2762055303647101,9.0,0.7405000298761191,0.01,0.8023561778310044,0.6238188877695106,0.8613861386138614,,2.5972762645914473,3.31906614785992,4.397792060887881,0.6437754361035786,12.38888888888889,290.655864189309,5.0,0.0,0.0198412698412698,0.0,4.222222222222222,1.7812466157646,1.0,9.0,4.0,4.5,16.61111111111111,7.368392625026384,1.0,33.0,17.5,17.727272727272727,1.2142857142857142,3.702380952380953,0.4888321724378735,0.6910324153280141,0.3356667602444308,0.4218741984705631,-0.3215934961372542,-0.350175882474566,0.4164134402204116,0.4435821647173074,2.814814814814815,0.917741606915842,2.666666666666667,0.3260397814043123,9.703703703703702,4.715209026026533,14.666666666666666,0.4859184874149481,3.846888182374258,5.0,1.052286621163876,2.063985372039402,4.0,1.1172709813894854,12.666666666666666,3.461809784509684,0.2733007724612908,49.833333333333336,14.159662133894006,0.284140377268776,9.0,0.6055410328717158,0.01,0.6878698092114114,0.4908927678850253,0.7894736842105263,,2.196492571070668,0.31135390932182755,1.5471013366370983,0.47316487442454347,4.527777777777778,45.420330478729355,0.0,0.0,0.0,0.0,9.36111111111111,4.709050256791454,1.0,21.0,8.5,7.470588235294118,5.111111111111111,2.1314806770278754,1.0,10.0,5.0,5.05,2.9523809523809526,1.2738095238095237,0.5390617399179498,-0.256741998636953,0.47045795867618395,0.5030439443456747,0.07868869362004483,-0.21197867438563334,0.3608982116669805,0.41702882811414954,5.666666666666667,2.5482988758177143,9.0,0.44969980161489076,3.259259259259259,1.2350616296691161,4.0,0.37893936364847886,2.221485945313129,4.0,1.0701059203108259,2.1398267210516786,6.0,1.1118287424188342,28.083333333333332,9.97163636250499,0.3550731048963201,15.333333333333334,4.235151465592221,0.2762055303647101
32,trees/tree032.csv,0,32042,20,2,82,29,3,0.5,0.01,0.5,0.5,0.1,0.1,True,True,8,fitness,2,representative,,,29.0,0.7885848479465538,0.01,0.8227131951670388,0.666373509300441,0.889720980794782,,0.1986988877004886,1.7324601966818691,1.9607114362529423,0.676857001501958,3.7955665024630543,2463054262.894969,56.0,0.0,0.0051085568326947,0.0,4.903940886699507,1.6379532573773,0.0,8.0,5.0,5.777777777777777,8.694581280788178,3.4491835540032136,1.0,15.0,9.0,10.8,0.8248494800218938,1.376847290640394,-0.4611402918963191,-0.2458686516161674,0.44030230058629,0.3340075452009964,-0.4793997245512169,-0.5878233546236693,0.509839981353403,0.3967049640015027,2.4758620689655166,0.504910488764776,2.0,0.2039332057685028,3.337931034482758,1.0063295522131657,4.199999999999999,0.3014830270060104,2.0654723133936588,13.0,2.139999050693578,3.845372331633,9.0,1.545064881964399,14.71182266009852,3.0692406052665366,0.2086240893584821,26.08374384236453,6.303107685749071,0.2416488876689445,29.0,0.472512658174541,0.01,0.4362461504574969,0.3494628030483641,0.7003306281935677,,6.1075611996970816,0.0573762784290934,3.1036697668315676,0.1903107037889849,36.39408866995074,75.05261064962473,0.0,0.0,0.0,0.0,45.08866995073892,26.22500254203021,1.0,105.0,41.0,22.840000000000003,8.694581280788178,3.4491835540032136,1.0,15.0,9.0,10.8,11.895730706075534,1.376847290640394,0.5552503106507932,-0.582142888661648,0.5411001755821789,0.5816317618302341,-0.4793997245512169,-0.5878233546236693,0.509839981353403,0.3967049640015027,15.206896551724135,5.458427905193491,24.0,0.3589442386635176,3.337931034482758,1.0063295522131657,4.199999999999999,0.3014830270060104,6.920814761789825,7.0,0.9963859718659028,3.845372331633,9.0,1.545064881964399,135.26600985221674,52.074583996602115,0.3849790797665694,26.08374384236453,6.303107685749071,0.2416488876689445,29.0,0.507687358217926,0.01,0.4536422097772385,0.3893490729479237,0.7321858864027538,,9.47040840092529,7.263191456164906,23.371300070713488,0.2057912544915761,40.18472906403941,2463055016.2760963,56.0,0.0,0.0051085568326947,0.0,4.903940886699507,1.6379532573773,0.0,8.0,5.0,5.777777777777777,45.08866995073892,26.22500254203021,1.0,105.0,41.0,22.840000000000003,0.8248494800218938,11.895730706075534,-0.4611402918963191,-0.2458686516161674,0.44030230058629,0.3340075452009964,0.5552503106507932,-0.582142888661648,0.5411001755821789,0.5816317618302341,2.4758620689655166,0.504910488764776,2.0,0.2039332057685028,15.206896551724135,5.458427905193491,24.0,0.3589442386635176,2.0654723133936588,13.0,2.139999050693578,6.920814761789825,7.0,0.9963859718659028,14.71182266009852,3.0692406052665366,0.2086240893584821,135.26600985221674,52.074583996602115,0.3849790797665694,29.0,0.7591782011837833,0.01,0.7895219959770807,0.6021999049632314,0.856427201023236,,1.3629481079908379,0.5883856628099863,2.116840741229266,0.6233449821316328,3.9482758620689653,2463054217.8421993,3.0,0.0,0.0002736726874657909,0.0,12.460591133004925,4.628267573758632,0.0,23.0,13.0,11.020833333333334,8.694581280788178,3.4491835540032136,1.0,15.0,9.0,10.8,2.279967159277504,1.3768472906403941,-0.5217645482120433,0.02851626121934725,0.42008631753513737,0.37143242438149926,-0.47939972455121693,-0.5878233546236693,0.509839981353403,0.39670496400150274,5.827586206896552,1.9152557318620507,7.8,0.3286533504378667,3.337931034482758,1.0063295522131657,4.199999999999999,0.30148302700601043,2.6072208819495226,11.0,1.839653587297387,3.845372331633,9.0,1.545064881964399,37.381773399014776,8.872823184992086,0.23735693569920188,26.08374384236453,6.303107685749071,0.24164888766894455
26,trees/tree026.csv,0,26042,10,2,224,94,5,0.5,0.05,0.5,0.5,0.1,0.1,True,True,8,fitness,2,representative,,,94.0,0.4458128621074541,0.01,0.5242316737615227,0.3483023037774029,0.7133050371825452,,4.642830006319277,1.2489453483822746,3.116190496975056,0.2748188477748076,5.894989704873026,5033173313.608941,,,,,5.002287805994052,1.5359623390597348,0.0,10.0,5.0,5.0,10.890414092884924,3.6593229952977455,1.0,21.0,11.0,11.952380952380953,,,-0.2269599674386524,0.0597313320420758,0.3436611626021334,0.3070519727432015,-0.3713705075728599,-0.0887783042895224,0.3908723459884828,0.3360132097904804,2.0255319148936173,0.7985273906775463,4.0,0.3942309596832423,3.463829787234042,1.444052443780805,7.4,0.4168947472831564,1.75018546944564,24.0,3.195607611261219,1.3773070207130098,14.0,2.3969507951012767,,,,,,,94.0,0.3229553073910599,0.01,0.1872038276184333,0.2309899091534148,0.6320304834919114,,9.877141899502767,0.0262222267057029,3.594630159114057,0.0350452730749919,27.84557309540151,62.61699929810365,,,,,38.641729581331504,26.1243745201434,1.0,137.0,31.0,24.12,10.890414092884924,3.6593229952977455,1.0,21.0,11.0,11.952380952380953,,,1.4494487845669215,1.8144123152326488,0.6440872895890887,0.6760663873794237,-0.3713705075728599,-0.0887783042895224,0.3908723459884828,0.3360132097904804,12.921276595744684,10.472099429217128,47.8,0.8104539324439403,3.463829787234042,1.444052443780805,7.4,0.4168947472831564,3.531898353565403,11.0,1.951308205120607,1.3773070207130098,14.0,2.3969507951012767,,,,,,,94.0,0.4367274665437913,0.01,0.3600560289774812,0.3346754616306866,0.6801351495951673,,8.007702171547363,6.124003375630772,24.372230518018792,0.1296403440030328,33.63944177533745,6863418673.476167,,,,,5.002287805994052,1.5359623390597348,0.0,10.0,5.0,5.0,38.641729581331504,26.1243745201434,1.0,137.0,31.0,24.12,,,-0.2269599674386524,0.0597313320420758,0.3436611626021334,0.3070519727432015,1.4494487845669215,1.8144123152326488,0.6440872895890887,0.6760663873794237,2.0255319148936173,0.7985273906775463,4.0,0.3942309596832423,12.921276595744684,10.472099429217128,47.8,0.8104539324439403,1.75018546944564,24.0,3.195607611261219,3.531898353565403,11.0,1.951308205120607,,,,,,,94.0,0.5021335686292856,0.01,0.5565185741984577,0.3712819048555687,0.6980554416127173,,5.325508570826467,0.3764074469517723,3.0402942359752476,0.3097129234278788,4.864333104552734,2745367228.919627,,,,,14.784259894760924,5.410310641743654,0.0,31.0,15.0,15.984375,10.890414092884923,3.6593229952977455,1.0,21.0,11.0,11.952380952380953,,,-0.30992535746128136,0.01640598447856867,0.3633641269900121,0.3659507259921004,-0.37137050757285994,-0.08877830428952249,0.39087234598848286,0.3360132097904804,4.970212765957447,2.713866276642349,9.6,0.5460261772354041,3.463829787234042,1.4440524437808053,7.3999999999999995,0.4168947472831564,1.3110279534275864,13.0,2.390546081433415,1.3773070207130098,14.0,2.3969507951012767,,,,,,
33,trees/tree033.csv,0,33042,20,2,67,26,3,0.5,0.01,0.5,0.7,0.1,0.1,True,True,8,fitness,2,representative,,,26.0,0.8350179471788267,0.01,0.8490154457146843,0.7174069622682292,0.9094670638861304,,0.5752676682409734,1.3983608659414877,1.6382956484524231,0.7208272270621039,2.3415384615384616,57.358974356932954,63.0,0.0,0.008076923076923,0.0,4.4338461538461535,1.8825740907333743,1.0,9.0,5.0,5.0,6.775384615384615,3.100671429482567,1.0,15.0,7.0,8.0,0.9976923076923075,1.5903846153846153,-0.0907062004172997,-0.8653502003429328,0.4723152317331469,0.424591658215369,0.0590589454320676,-0.6576776983434249,0.4284158325802751,0.4576376996284443,2.0461538461538464,0.7302427253111273,2.8,0.3568855424452877,2.923076923076923,1.1463345237044404,4.2,0.3921670738988875,2.7611323718694427,10.0,1.8280352884234123,3.2539691499487833,8.0,1.4738950834651996,13.301538461538462,3.599230358229053,0.2705875240398894,20.326153846153847,6.14377175364993,0.3022594338383632,26.0,0.6130703141616377,0.01,0.5909175079728946,0.4492292763892255,0.7738715277777778,,3.6775934225782994,0.0479260312115986,2.501410823190967,0.3491835012288959,57.86153846153846,84.69520270951986,0.0,0.0,0.0,0.0,64.63692307692308,38.23060219743731,1.0,152.0,64.0,26.67,6.775384615384615,3.100671429482567,1.0,15.0,7.0,8.0,18.06615384615385,1.5903846153846153,0.3228862277467915,-0.7780179478661933,0.4969686928875585,0.5914669259850108,0.0590589454320676,-0.6576776983434249,0.4284158325802751,0.4576376996284443,19.661538461538463,12.705391857338393,51.4,0.6462053761557084,2.923076923076923,1.1463345237044404,4.2,0.3921670738988875,10.24610924067434,6.0,0.8509065709828031,3.2539691499487833,8.0,1.4738950834651996,193.91076923076923,72.17677897000674,0.3722164542811473,20.326153846153847,6.14377175364993,0.3022594338383632,26.0,0.7039435882943075,0.01,0.6860448705758906,0.5418515586673059,0.8218740492850624,,2.864846237685082,13.931939606351389,27.815027560215224,0.4706575644434903,60.20307692307692,1369.1257630835964,63.0,0.0,0.008076923076923,0.0,4.4338461538461535,1.8825740907333743,1.0,9.0,5.0,5.0,64.63692307692308,38.23060219743731,1.0,152.0,64.0,26.67,0.9976923076923075,18.06615384615385,-0.0907062004172997,-0.8653502003429328,0.4723152317331469,0.424591658215369,0.3228862277467915,-0.7780179478661933,0.4969686928875585,0.5914669259850108,2.0461538461538464,0.7302427253111273,2.8,0.3568855424452877,19.661538461538463,12.705391857338393,51.4,0.6462053761557084,2.7611323718694427,10.0,1.8280352884234123,10.24610924067434,6.0,0.8509065709828031,13.301538461538462,3.599230358229053,0.2705875240398894,193.91076923076923,72.17677897000674,0.3722164542811473,26.0,0.7675672963491936,0.01,0.7725689859853823,0.6215266474069255,0.8554878048780488,,1.0204389671234504,0.5227382156749238,1.9687118916259172,0.5968628381064824,4.455384615384616,39.86370141680197,0.0,0.0,0.0,0.0,11.009230769230768,4.582566398089548,1.0,21.0,11.0,12.904761904761903,6.775384615384615,3.100671429482567,1.0,15.0,7.0,8.0,2.3869230769230767,1.5903846153846153,-0.12872534235532285,-0.7297693806570318,0.44778279576667085,0.41624764655648494,0.05905894543206764,-0.6576776983434249,0.4284158325802751,0.4576376996284443,4.869230769230769,1.6888250878983273,6.6000000000000005,0.34683611599807673,2.923076923076923,1.1463345237044404,4.2,0.39216707389888755,3.233650566319502,9.0,1.5154473286555268,3.2539691499487833,8.0,1.4738950834651996,33.027692307692305,8.139315935957116,0.24643913538159706,20.326153846153847,6.14377175364993,0.3022594338383632
19,trees/tree019.csv,0,19042,10,2,259,115,1,0.5,0.05,0.5,0.1,0.1,0.1,True,True,8,fitness,2,representative,,,115.0,0.5655080015175593,0.01,0.6221905452208287,0.4553403481924631,0.7507406209508918,,2.1370675702078588,1.63654504371954,2.727803983571162,0.3871210745621921,5.387490465293669,152555409.24250844,,,,,5.102517162471396,1.324711356486559,0.0,9.0,5.0,4.95,10.487566742944315,3.484382431506784,1.0,22.0,11.0,11.022727272727272,,,-0.3594141899628419,0.2594205814040391,0.3464353653495791,0.2596191868260051,-0.2842079256934686,-0.1938794728322719,0.3851488681841583,0.3322393570320742,2.24,0.5577594931275603,2.4,0.2489997737176608,3.24,1.00751955423898,4.3999999999999995,0.3109628253824012,1.2043242500563476,26.0,3.4260497731087,1.2907847525807117,14.0,2.5640809073775626,,,,,,,115.0,0.4575525696751419,0.01,0.4900354625358487,0.3431818732038598,0.7126287731431453,,6.308731129616139,0.2663995511297576,3.0373448704068418,0.2401347545427231,5.807475209763539,33.51017099396457,,,,,15.686346300533945,6.40943631186354,1.0,37.0,15.0,14.5,10.487566742944315,3.484382431506784,1.0,22.0,11.0,11.022727272727272,,,0.1983417521463862,-0.3472194626375202,0.3917924743514061,0.4085996948598139,-0.2842079256934686,-0.1938794728322719,0.3851488681841583,0.3322393570320742,4.140869565217391,1.897728420217132,8.2,0.4582922476374846,3.24,1.00751955423898,4.3999999999999995,0.3109628253824012,2.061263210569647,13.0,2.3087004465494876,1.2907847525807117,14.0,2.5640809073775626,,,,,,,115.0,0.4871968598103811,0.01,0.5158771054354636,0.3866413684747156,0.741498950580516,,2.950456120533213,2.496001438990187,5.490724382371549,0.2661291879124723,10.583829138062548,152555511.4932198,,,,,5.102517162471396,1.324711356486559,0.0,9.0,5.0,4.95,15.686346300533945,6.40943631186354,1.0,37.0,15.0,14.5,,,-0.3594141899628419,0.2594205814040391,0.3464353653495791,0.2596191868260051,0.1983417521463862,-0.3472194626375202,0.3917924743514061,0.4085996948598139,2.24,0.5577594931275603,2.4,0.2489997737176608,4.140869565217391,1.897728420217132,8.2,0.4582922476374846,1.2043242500563476,26.0,3.4260497731087,2.061263210569647,13.0,2.3087004465494876,,,,,,,115.0,0.6570622083061783,0.01,0.6824007244365607,0.5095519067985977,0.7824288016314193,,4.196318900921094,0.577021220451696,2.547007889650376,0.46567074871154257,2.4318840579710144,152555326.66408852,,,,,10.902974828375285,4.120723833367666,0.0,30.0,11.0,11.5,10.487566742944317,3.484382431506784,1.0,22.0,11.0,11.022727272727273,,,0.130864251516631,0.02646048794879352,0.3360775587109589,0.37794490936944763,-0.28420792569346864,-0.19387947283227192,0.3851488681841583,0.3322393570320742,3.314782608695652,1.4083134210364734,8.0,0.42485845597899907,3.24,1.00751955423898,4.3999999999999995,0.3109628253824012,1.980162943864289,12.0,2.3154370202181136,1.2907847525807115,14.0,2.5640809073775626,,,,,,
35,trees/tree035.csv,0,35042,20,2,119,40,5,0.5,0.01,0.5,0.5,0.1,0.1,True,True,8,fitness,2,representative,,,40.0,0.7872329045852535,0.01,0.7816509847833173,0.64294314582451,0.8524693868329493,,1.341377490750604,1.3241048888569,1.9162295055381935,0.6109782620127298,2.8846153846153846,1282051347.4262817,149.0,0.0,0.0050269905533063,0.0,4.7615384615384615,1.8136399700129024,0.0,9.0,5.0,4.95,7.6461538461538465,3.072278545885911,1.0,15.0,8.0,8.0,0.9724696356275304,1.3642712550607288,-0.019771415123071,-0.5869182733213907,0.4145698414586717,0.3808936932175724,-0.0275004707346152,-0.6514758272131935,0.4261213435598185,0.4018070532848777,2.25,0.8749285685128815,3.5999999999999996,0.3888571415612806,3.2049999999999996,1.2864583164642374,5.3999999999999995,0.4013910503788572,2.69138764380994,15.0,2.2944545373820486,1.9753487927447655,11.0,1.9563642308479363,14.284615384615384,3.651904022523433,0.2556529471879624,22.93846153846154,6.352424579481003,0.2769333317681188,40.0,0.7411187721274438,0.01,0.6781484063586852,0.5649202644249769,0.7657289198073541,,5.001529106280712,0.0241552178868479,2.257894275487777,0.4598852610468247,101.8846153846154,83.25488553531267,0.0,0.0,0.0,0.0,109.48461538461538,86.25303276261947,1.0,336.0,114.5,17.75,7.6461538461538465,3.072278545885911,1.0,15.0,8.0,8.0,20.263663967611336,1.3642712550607288,0.3215156154865843,-1.066303116378704,0.5706025077391637,0.7878096156214804,-0.0275004707346152,-0.6514758272131935,0.4261213435598185,0.4018070532848777,19.455,24.271958614829583,116.4,1.2475948915358304,3.2049999999999996,1.2864583164642374,5.3999999999999995,0.4013910503788572,22.233659852182672,5.0,0.5698048895605948,1.9753487927447655,11.0,1.9563642308479363,328.45384615384614,168.39200126029135,0.5126808628735539,22.93846153846154,6.352424579481003,0.2769333317681188,40.0,0.739727118450977,0.01,0.6932574513703609,0.5736259310444661,0.786346185945585,,-47.50290824923295,32.96991611050127,62.16169997807515,0.4806058938805283,104.72307692307692,7692309691.072041,149.0,0.0,0.0050269905533063,0.0,4.7615384615384615,1.8136399700129024,0.0,9.0,5.0,4.95,109.48461538461538,86.25303276261947,1.0,336.0,114.5,17.75,0.9724696356275304,20.263663967611336,-0.019771415123071,-0.5869182733213907,0.4145698414586717,0.3808936932175724,0.3215156154865843,-1.066303116378704,0.5706025077391637,0.7878096156214804,2.25,0.8749285685128815,3.5999999999999996,0.3888571415612806,19.455,24.271958614829583,116.4,1.2475948915358304,2.69138764380994,15.0,2.2944545373820486,22.233659852182672,5.0,0.5698048895605948,14.284615384615384,3.651904022523433,0.2556529471879624,328.45384615384614,168.39200126029135,0.5126808628735539,41.0,0.5582370818176048,0.01,0.5822246058565516,0.42264065784243054,0.7506502447980417,,3.6233114738474628,0.35808078004418387,2.460769072879821,0.33898549166481373,4.11219512195122,4878048815.758485,0.0,0.0,0.0,0.0,11.180487804878048,4.921244117546438,0.0,26.0,11.0,9.148148148148149,7.626829268292683,3.026672034594602,1.0,15.0,8.0,8.0,2.644090056285178,1.3669793621013133,0.1343679326983639,-0.07421797540303299,0.3479598728746279,0.44016363180498247,-0.030956702337909855,-0.5804970130951026,0.413704104866634,0.39684538988928264,4.687804878048781,2.4016452817783893,9.6,0.5123176719714565,3.136585365853658,1.1823408153693589,4.8,0.3769515818829216,1.564194182413795,10.0,1.8666091738107775,1.8679471775850665,11.0,1.9669728025288864,33.541463414634144,10.49721071310032,0.31296221585014045,22.880487804878047,6.249741018749979,0.27314719301646856
40,trees/tree040.csv,0,40042,20,2,469,212,3,0.5,0.02,0.5,0.1,0.1,0.1,True,True,8,fitness,2,representative,True,Too many cells: 212 > 150,,,,,,,,,,,,,,,,,,,,,,,,,,,,,,,,,,,,,,,,,,,,,,,,,,,,,,,,,,,,,,,,,,,,,,,,,,,,,,,,,,,,,,,,,,,,,,,,,,,,,,,,,,,,,,,,,,,,,,,,,,,,,,,,,,,,,,,,,,,,,,,,,,,,,,,,,,,,,,,,,,,,,,,,,,,,,,,,,,,,,,,,,,,,,,,,,,,,,,,,,,,,,,,,,,,,,,,,,,,,,,,,,,,,,,,,,,,,
34,trees/tree034.csv,0,34042,20,2,111,46,5,0.5,0.01,0.5,0.1,0.1,0.1,True,True,8,fitness,2,representative,,,46.0,0.6964225815224022,0.01,0.7432633927761277,0.5815614401880184,0.8338998908467176,,1.3321376048332736,1.144719240800916,1.700657957920354,0.5524404710410802,2.085024154589372,43.84452879275248,80.0,0.0,0.0017566974088713,0.0,5.015458937198067,1.6505752640882894,1.0,9.0,5.0,5.0,7.073429951690821,2.5420938008728613,1.0,15.0,7.0,8.0,0.9757575757575756,1.2028985507246377,-0.1149012406664641,-0.2485464753840842,0.3682425619920761,0.329097553136463,-0.1012669706862749,0.0206556985408847,0.3344489078447353,0.3593862974871481,2.491304347826087,0.7398078736949861,3.2,0.2969560400520886,3.1782608695652184,1.1663605683601153,4.8,0.3669807533827995,1.5963274264029914,16.0,2.52394881804068,1.8654284262815823,12.0,2.308424985490755,15.046376811594202,3.3805550168055816,0.2246756849928579,21.220289855072465,5.455698636317688,0.2570982146605112,46.0,0.4136631662468829,0.01,0.2261041724395358,0.3103654457590721,0.7002963433349209,,6.328088584057839,0.0259626532325964,2.4762615220897812,0.0511230967945675,21.669565217391305,68.39256065670347,0.0,0.0,0.0,0.0,28.708212560386475,22.13864700039183,1.0,148.0,25.0,25.99,7.073429951690821,2.5420938008728613,1.0,15.0,7.0,8.0,6.1411725955204215,1.2028985507246377,3.1206235928022825,10.937570137634284,0.7704565072615238,0.7711607594455472,-0.1012669706862749,0.0206556985408847,0.3344489078447353,0.3593862974871481,12.156521739130437,14.623680203160555,100.2,1.2029493729352387,3.1782608695652184,1.1663605683601153,4.8,0.3669807533827995,3.2608899085941627,9.0,1.707074874390101,1.8654284262815823,12.0,2.308424985490755,86.12463768115941,52.40252396735636,0.6084498626438914,21.220289855072465,5.455698636317688,0.2570982146605112,46.0,0.569689197143163,0.01,0.4009118427318962,0.4445297121964478,0.7682664553738185,,1.7385627409674955,5.377304481429132,20.281582859105228,0.1607303056426845,23.692753623188405,488.1683153007362,80.0,0.0,0.0017566974088713,0.0,5.015458937198067,1.6505752640882894,1.0,9.0,5.0,5.0,28.708212560386475,22.13864700039183,1.0,148.0,25.0,25.99,0.9757575757575756,6.1411725955204215,-0.1149012406664641,-0.2485464753840842,0.3682425619920761,0.329097553136463,3.1206235928022825,10.937570137634284,0.7704565072615238,0.7711607594455472,2.491304347826087,0.7398078736949861,3.2,0.2969560400520886,12.156521739130437,14.623680203160555,100.2,1.2029493729352387,1.5963274264029914,16.0,2.52394881804068,3.2608899085941627,9.0,1.707074874390101,15.046376811594202,3.3805550168055816,0.2246756849928579,86.12463768115941,52.40252396735636,0.6084498626438914,46.0,0.4217968292266633,0.01,0.46134314424446093,0.3120823830860426,0.6901963984549263,,4.184864558658339,0.184843896487487,2.2554010103638844,0.21283749674136299,8.818357487922706,3864734353.4584746,0.0,0.0,0.0,0.0,15.627053140096619,6.344691760695624,0.0,32.0,15.0,14.060606060606062,7.073429951690821,2.5420938008728613,1.0,15.0,7.0,8.0,3.7598155467720686,1.2028985507246377,-0.08604984539674083,-0.3833529243804983,0.38499826181346825,0.4060069229825628,-0.1012669706862749,0.02065569854088478,0.3344489078447353,0.3593862974871481,6.278260869565217,3.3120276886233815,13.4,0.5275390362765774,3.1782608695652184,1.1663605683601153,4.8,0.3669807533827995,1.4960450257219127,12.0,2.079167368803149,1.8654284262815826,12.0,2.308424985490755,46.881159420289855,13.431055619188367,0.2864915412773579,21.220289855072465,5.455698636317688,0.2570982146605112
38,trees/tree038.csv,0,38042,20,2,176,69,1,0.5,0.02,0.5,0.5,0.1,0.1,True,True,8,fitness,2,representative,,,69.0,0.4652973082526399,0.01,0.493628536422678,0.3737765071370216,0.7236743505566657,,5.489124449440137,1.1131995306424631,3.2372287568678813,0.2436691319707952,6.142796248934356,426257576.67542857,,,,,5.7745098039215685,1.6506109445635848,0.0,10.0,6.0,5.909090909090908,11.917306052855926,3.7223523220062,1.0,23.0,12.0,12.0,,,-0.4123410075102256,-0.083369095627678,0.4011563837990481,0.2858443401451369,-0.3019913270410405,0.36069067767087,0.3246947923110451,0.3123484708286195,2.663768115942028,0.5961156911575776,2.4,0.2237866305216151,4.530434782608695,1.3503949339473804,5.2,0.2980718184336828,1.3034860919207791,22.0,3.0413587757484764,1.776431123872637,11.0,2.468523713370594,,,,,,,69.0,0.3116807853770129,0.01,0.2784365061803218,0.2239968118793079,0.6493662188043685,,10.094957801232692,0.0566255496464652,3.575150552658658,0.0775268879739042,20.348678601875537,54.33446936449005,,,,,32.18243819266837,18.30337686402161,1.0,113.0,28.0,20.040000000000003,11.917306052855926,3.7223523220062,1.0,23.0,12.0,12.0,,,1.3260448858698266,2.171347683722474,0.5333996489974844,0.5687380413641683,-0.3019913270410405,0.36069067767087,0.3246947923110451,0.3123484708286195,11.002898550724638,7.538384308007603,46.8,0.6851271302061704,4.530434782608695,1.3503949339473804,5.2,0.2980718184336828,5.091027290955234,10.0,1.6257467991980952,1.776431123872637,11.0,2.468523713370594,,,,,,,69.0,0.2833371186126531,0.01,0.282441035462483,0.2119761613599542,0.6154538696621789,,14.09698402096956,3.131946223282311,17.558148676426026,0.0797729385131197,26.407928388746804,426257948.6296161,,,,,5.7745098039215685,1.6506109445635848,0.0,10.0,6.0,5.909090909090908,32.18243819266837,18.30337686402161,1.0,113.0,28.0,20.040000000000003,,,-0.4123410075102256,-0.083369095627678,0.4011563837990481,0.2858443401451369,1.3260448858698266,2.171347683722474,0.5333996489974844,0.5687380413641683,2.663768115942028,0.5961156911575776,2.4,0.2237866305216151,11.002898550724638,7.538384308007603,46.8,0.6851271302061704,1.3034860919207791,22.0,3.0413587757484764,5.091027290955234,10.0,1.6257467991980952,,,,,,,69.0,0.6345179351262398,0.01,0.67074137024775,0.4917877822693289,0.7656382296851384,,4.481600724307675,0.7525524029669622,2.7608364074015928,0.44989398576183826,2.824381926683717,33.18981059092885,,,,,9.880647911338448,3.3176901530895564,1.0,21.0,10.0,10.047619047619047,11.917306052855926,3.7223523220062,1.0,23.0,12.0,12.0,,,0.07500672746536237,-0.1341460521287856,0.35089925287785595,0.3357765789106169,-0.30199132704104054,0.36069067767087004,0.32469479231104514,0.3123484708286195,4.208695652173914,1.2169978660306373,6.4,0.2891627161023208,4.530434782608695,1.3503949339473804,5.2,0.29807181843368286,1.3361126903274472,14.0,2.4774054996215815,1.7764311238726367,11.0,2.468523713370594,,,,,,
24,trees/tree024.csv,0,24042,10,2,315,138,3,0.5,0.05,0.5,0.7,0.1,0.1,True,True,8,fitness,2,representative,,,138.0,0.5768758206027945,0.01,0.6171958993895154,0.462921108947628,0.78095662416366,,2.9909809360277646,1.2753859676060304,2.4625031415696617,0.3809307782232327,4.528192108325399,86.14881644846344,,,,,5.558975986459325,1.514567329382951,1.0,10.0,6.0,5.95,10.080820903416903,3.1297322629658444,1.0,19.0,10.0,10.94736842105263,,,-0.264722586015055,-0.0673094151534816,0.3648792863030589,0.2724543752432403,-0.2427218911631077,-0.2047782413627561,0.3788300206156267,0.3104640279746482,2.282608695652174,0.57318245109496,3.5999999999999996,0.2511085023844587,3.347826086956522,1.0548176153431983,5.4,0.3150753915960202,2.205216484706631,29.0,3.612695986108023,2.9071873259284597,14.0,2.862646119337907,,,,,,,138.0,0.4357788426775156,0.01,0.4478642582433652,0.3190137139162462,0.6846367153950679,,6.788126210059813,0.0779256513939974,2.798298510240433,0.2005823938118796,32.18237596530202,72.4358699620929,,,,,42.25431080080398,17.987597066933173,1.0,115.0,41.0,40.9,10.080820903416903,3.1297322629658444,1.0,19.0,10.0,10.94736842105263,,,0.4311808973569886,0.2262850429569463,0.3675797241891139,0.4256985080582812,-0.2427218911631077,-0.2047782413627561,0.3788300206156267,0.3104640279746482,10.957971014492752,6.132614304035302,28.200000000000003,0.5596487064917813,3.347826086956522,1.0548176153431983,5.4,0.3150753915960202,1.9277846535029264,12.0,2.1372784860637988,2.9071873259284597,14.0,2.862646119337907,,,,,,,138.0,0.4430058298601997,0.01,0.4554275577273017,0.3376586187624833,0.7022445375699068,,12.186717302764585,5.408836730232084,16.013869226788145,0.2074142603374545,36.695334814344655,682.4769284486553,,,,,5.558975986459325,1.514567329382951,1.0,10.0,6.0,5.95,42.25431080080398,17.987597066933173,1.0,115.0,41.0,40.9,,,-0.264722586015055,-0.0673094151534816,0.3648792863030589,0.2724543752432403,0.4311808973569886,0.2262850429569463,0.3675797241891139,0.4256985080582812,2.282608695652174,0.57318245109496,3.5999999999999996,0.2511085023844587,10.957971014492752,6.132614304035302,28.200000000000003,0.5596487064917813,2.205216484706631,29.0,3.612695986108023,1.9277846535029264,12.0,2.1372784860637988,,,,,,,139.0,0.45930197604430084,0.01,0.4941949497135706,0.34219779102450504,0.7052799825869774,,5.432620985724349,0.3519799059410789,2.7266077895886567,0.2442286483224051,3.9973933896361173,1563966248.960406,,,,,13.095923261390887,4.403600277260564,0.0,28.0,13.0,14.0,10.042122823480346,3.1363712079424557,1.0,19.0,10.0,10.94736842105263,,,-0.031408214495182,-0.10405255823447268,0.34565077442411024,0.336257336681497,-0.23190517877163766,-0.22128155173870168,0.37923238052436625,0.31232153430836734,4.01294964028777,1.6649079967829061,7.6,0.41488385004091777,3.3294964028776977,1.0560857032348219,5.4,0.31719082270881643,1.5360337896518441,14.0,2.5279443654930582,2.918681572794899,14.0,2.862244273555829,,,,,,
44,trees/tree044.csv,0,44042,20,2,510,216,5,0.5,0.02,0.5,0.5,0.1,0.1,True,True,8,fitness,2,representative,True,Too many cells: 216 > 150,,,,,,,,,,,,,,,,,,,,,,,,,,,,,,,,,,,,,,,,,,,,,,,,,,,,,,,,,,,,,,,,,,,,,,,,,,,,,,,,,,,,,,,,,,,,,,,,,,,,,,,,,,,,,,,,,,,,,,,,,,,,,,,,,,,,,,,,,,,,,,,,,,,,,,,,,,,,,,,,,,,,,,,,,,,,,,,,,,,,,,,,,,,,,,,,,,,,,,,,,,,,,,,,,,,,,,,,,,,,,,,,,,,,,,,,,,,,
43,trees/tree043.csv,0,43042,20,2,11,3,5,0.5,0.02,0.5,0.1,0.1,0.1,True,True,8,fitness,2,representative,,,3.0,,0.01,,,,,0.6666666666666664,0.6666666666666664,0.4714045207910317,-2.220446049250313e-16,0.3333333333333333,33.333333329999995,0.0,0.0,0.0,0.0,1.0,0.0,1.0,1.0,1.0,1.0,1.3333333333333333,0.4714045207910317,1.0,2.0,1.0,1.25,0.0,1.0,,,,0.0,0.7071067811865479,-1.4999999999999991,1.0,0.3535533905932738,1.0,0.0,0.0,0.0,1.0,0.0,0.0,0.0,1.0,2.0,0.6931471803599453,inf,1.0,-1.0000000826903708e-10,3.0,0.0,0.0,4.0,0.0,0.0,3.0,1.0,0.3,1.0,1.0,1.0,,-3.3461976318874193e-16,1.0000000000000004,2.5639502485114184e-16,1.0,0.0,0.0,0.0,0.0,0.0,0.0,1.3333333333333333,0.4714045207910317,1.0,2.0,1.0,1.25,1.3333333333333333,0.4714045207910317,1.0,2.0,1.0,1.25,1.0,1.0,0.7071067811865479,-1.4999999999999991,1.0,0.3535533905932738,0.7071067811865479,-1.4999999999999991,1.0,0.3535533905932738,1.0,0.0,0.0,0.0,1.0,0.0,0.0,0.0,inf,1.0,-1.0000000826903708e-10,inf,1.0,-1.0000000826903708e-10,4.0,0.0,0.0,4.0,0.0,0.0,3.0,,0.01,,,,,0.6666666666666664,0.6666666666666664,0.4714045207910317,-2.220446049250313e-16,0.3333333333333333,33.333333329999995,0.0,0.0,0.0,0.0,1.0,0.0,1.0,1.0,1.0,1.0,1.3333333333333333,0.4714045207910317,1.0,2.0,1.0,1.25,0.0,1.0,,,,0.0,0.7071067811865479,-1.4999999999999991,1.0,0.3535533905932738,1.0,0.0,0.0,0.0,1.0,0.0,0.0,0.0,1.0,2.0,0.6931471803599453,inf,1.0,-1.0000000826903708e-10,3.0,0.0,0.0,4.0,0.0,0.0,3.0,1.0,0.3,1.0,0.9999999999999999,1.0,,-3.346197631887419e-16,1.0000000000000004,2.5639502485114184e-16,1.0,0.0,0.0,0.0,0.0,0.0,0.0,1.3333333333333333,0.4714045207910317,1.0,2.0,1.0,1.25,1.3333333333333333,0.4714045207910317,1.0,2.0,1.0,1.25,1.0,1.0,0.7071067811865479,-1.4999999999999993,0.9999999999999999,0.3535533905932738,0.7071067811865479,-1.4999999999999993,0.9999999999999999,0.3535533905932738,1.0,0.0,0.0,0.0,1.0,0.0,0.0,0.0,inf,1.0,-1.000000082690371e-10,inf,1.0,-1.000000082690371e-10,4.0,0.0,0.0,4.0,0.0,0.0
37,trees/tree037.csv,0,37042,20,2,199,88,1,0.5,0.02,0.5,0.1,0.1,0.1,True,True,8,fitness,2,representative,,,88.0,0.4016716504620874,0.01,0.473534499541459,0.312983371929881,0.6797231498712621,,5.2416237496136935,1.2265410235843297,3.7501442942989054,0.2242349222559798,6.446969696969697,522466171.0784672,,,,,5.299895506792058,1.643813006762747,0.0,11.0,5.0,5.041666666666666,11.742163009404388,4.2577765502796545,1.0,22.0,13.0,14.84090909090909,,,0.0607326917310354,0.2160508760855455,0.3120872456677515,0.3101595125141855,-0.4109196336141268,-0.7464466274268955,0.5186719602540281,0.3626058117971594,2.309090909090909,0.8452590194238423,3.8,0.3660570556559947,3.7454545454545456,1.5236699931198632,8.2,0.4068050952504489,1.143019959873237,23.0,3.1394204603173157,3.490257890484343,14.0,2.1998529013149053,,,,,,,88.0,0.3359235545451528,0.01,0.1742705952725372,0.2403318419964662,0.6212194421685819,,10.71463065863729,0.0455665281010219,4.19262320692129,0.0303702403766443,11.70924764890282,40.02593139075612,,,,,22.55015673981191,16.28399803271468,1.0,74.0,18.0,16.33,11.742163009404388,4.2577765502796545,1.0,22.0,13.0,14.84090909090909,,,1.400558397161556,1.0988811451667315,0.7225298121542089,0.7221234965504947,-0.4109196336141268,-0.7464466274268955,0.5186719602540281,0.3626058117971594,5.4386363636363635,2.838350666167278,15.8,0.5218864576320946,3.7454545454545456,1.5236699931198632,8.2,0.4068050952504489,5.615491195623497,9.0,1.5366641737746156,3.490257890484343,14.0,2.1998529013149053,,,,,,,88.0,0.402669312301201,0.01,0.2546121021088399,0.3093809217623063,0.6969053239970661,,9.182509440404944,2.5222473315324416,15.747330633884978,0.0648273225402823,17.250261233019852,261233358.02435935,,,,,5.299895506792058,1.643813006762747,0.0,11.0,5.0,5.041666666666666,22.55015673981191,16.28399803271468,1.0,74.0,18.0,16.33,,,0.0607326917310354,0.2160508760855455,0.3120872456677515,0.3101595125141855,1.400558397161556,1.0988811451667315,0.7225298121542089,0.7221234965504947,2.309090909090909,0.8452590194238423,3.8,0.3660570556559947,5.4386363636363635,2.838350666167278,15.8,0.5218864576320946,1.143019959873237,23.0,3.1394204603173157,5.615491195623497,9.0,1.5366641737746156,,,,,,,88.0,0.3717571198259083,0.01,0.42230840116446167,0.27362864907343715,0.6391996446155555,,7.0508524513807584,0.48343976138354244,3.859470976116007,0.17834438569408262,3.7659352142110762,48.992554130559014,,,,,9.704022988505747,3.7193771615273117,1.0,25.0,10.0,8.5,11.742163009404388,4.2577765502796545,1.0,22.0,13.0,14.84090909090909,,,0.23186813011118512,-0.009212811631107432,0.35233627917737464,0.3832819817031402,-0.4109196336141268,-0.7464466274268955,0.5186719602540281,0.3626058117971594,3.772727272727273,1.629328310624244,8.200000000000001,0.4318701546232936,3.7454545454545456,1.5236699931198632,8.2,0.4068050952504489,1.4136113539856587,15.0,2.54834821873051,3.490257890484343,14.0,2.1998529013149053,,,,,,
46,trees/tree046.csv,0,46042,20,2,45,18,1,0.5,0.05,0.5,0.1,0.1,0.1,True,True,8,fitness,2,representative,,,18.0,0.6734935610387397,0.01,0.7610564971989391,0.5446791800554485,0.8154003059663437,,1.2290262720968954,1.8649282156460576,3.641727477375784,0.579206991928719,7.215686274509804,103.73456245820908,17.0,0.0,0.0069444444444444,0.0,6.921568627450981,2.291015163761338,1.0,13.0,7.0,7.0,14.137254901960784,5.614010046687309,1.0,25.0,16.0,16.84,1.33578431372549,2.161764705882353,-0.3505621121820248,0.4239194960342347,0.3279556647865458,0.3309965250760007,-0.5428963514122024,-0.5779527997202387,0.534562847589069,0.3971075067698373,4.166666666666667,1.4695993407123664,5.0,0.3527038417709679,6.958333333333333,2.9181543824821885,11.0,0.4193754801172007,1.425998691124129,10.0,1.8639685905338237,1.489947609537329,8.0,1.5381786779230104,20.764705882352946,4.3959684529105765,0.2117038631713308,42.411764705882355,10.88428705653018,0.2566336753966894,18.0,0.6905351991793726,0.01,0.5871041631152503,0.5253178992408905,0.7561196736174071,,9.100398544780806,0.175145232420122,4.544605114902501,0.3446912983472586,14.738562091503267,40.12771106275988,0.0,0.0,0.0,0.0,28.758169934640524,18.818717613019576,1.0,73.0,23.0,20.44,14.137254901960784,5.614010046687309,1.0,25.0,16.0,16.84,5.035539215686274,2.161764705882353,0.951349943079734,-0.1820410491801922,0.6760448776741714,0.6543781351799989,-0.5428963514122024,-0.5779527997202387,0.534562847589069,0.3971075067698373,14.59722222222222,10.7542429898134,40.25,0.7367321553440197,6.958333333333333,2.9181543824821885,11.0,0.4193754801172007,4.425120068513331,6.0,1.0824942720953867,1.489947609537329,8.0,1.5381786779230104,86.27450980392157,41.40513770875876,0.4799231870787946,42.411764705882355,10.88428705653018,0.2566336753966894,18.0,0.5392956640712008,0.01,0.4917954999289132,0.4085722158486368,0.7378497790868925,,0.7972702412345017,4.039676726242795,16.38565946842276,0.2418628137503297,21.836601307189543,313.0833472935242,17.0,0.0,0.0069444444444444,0.0,6.921568627450981,2.291015163761338,1.0,13.0,7.0,7.0,28.758169934640524,18.818717613019576,1.0,73.0,23.0,20.44,1.33578431372549,5.035539215686274,-0.3505621121820248,0.4239194960342347,0.3279556647865458,0.3309965250760007,0.951349943079734,-0.1820410491801922,0.6760448776741714,0.6543781351799989,4.166666666666667,1.4695993407123664,5.0,0.3527038417709679,14.59722222222222,10.7542429898134,40.25,0.7367321553440197,1.425998691124129,10.0,1.8639685905338237,4.425120068513331,6.0,1.0824942720953867,20.764705882352946,4.3959684529105765,0.2117038631713308,86.27450980392157,41.40513770875876,0.4799231870787946,18.0,0.8105890193628461,0.01,0.8952649631237962,0.6833281597983957,0.8689227836034319,,0.6021478825084798,1.0598113479919147,2.5012329862482905,0.8014993541970515,2.150326797385621,19.23174420426702,0.0,0.0,0.0,0.0,12.77124183006536,4.742378449662034,1.0,22.0,14.0,15.175,14.137254901960784,5.614010046687309,1.0,25.0,16.0,16.84,1.8553921568627452,2.161764705882353,-0.8335145977555452,-0.104501904815824,0.5853039887991325,0.3713326012273752,-0.5428963514122024,-0.5779527997202387,0.534562847589069,0.39710750676983736,6.583333333333333,3.245723682358408,10.75,0.4930213188392519,6.958333333333333,2.9181543824821885,11.0,0.41937548011720077,1.8390641059669304,8.0,1.6061964013426095,1.489947609537329,8.0,1.5381786779230104,38.31372549019608,8.883759573510444,0.23186885273747834,42.411764705882355,10.88428705653018,0.2566336753966894
42,trees/tree042.csv,0,42042,20,2,179,82,3,0.5,0.02,0.5,0.7,0.1,0.1,True,True,8,fitness,2,representative,,,82.0,0.6807869240938088,0.01,0.7034444563417718,0.5488460876991899,0.8262012692656392,,2.4767602591988376,1.1785882520197837,2.3831922457219847,0.4948341031579707,3.628726287262873,62.12468935465379,,,,,6.403191809695874,2.0012888174095997,1.0,13.0,7.0,7.0,10.023486901535682,3.353065715186386,1.0,21.0,10.0,10.047619047619047,,,-0.2458128024498906,-0.1067475265151571,0.3665162109309519,0.3125455049432062,-0.115808512307117,-0.1199111339163159,0.351868174436164,0.3345208856084471,2.5999999999999996,0.708140815540346,3.3999999999999995,0.2723618521309023,3.570731707317073,1.2093626425476225,5.800000000000001,0.3386876253036374,2.217134771651672,23.0,3.0994771456189047,3.0118539117875005,13.0,2.4962111102370357,,,,,,,82.0,0.1427227304006392,0.02,0.1633214703895084,0.0993137376765366,0.5691401387917953,,8.994999958303556,0.0126710385015354,3.308043784017495,0.0266739026901909,71.14483589280337,83.71617179739499,,,,,81.16832279433905,43.21884294255196,1.0,300.0,74.0,63.790000000000006,10.023486901535682,3.353065715186386,1.0,21.0,10.0,10.047619047619047,,,1.2070787425136915,2.732295564316794,0.42863091462404,0.5324594799384741,-0.115808512307117,-0.1199111339163159,0.351868174436164,0.3345208856084471,24.60487804878049,18.1157248930249,110.0,0.7362655834794022,3.570731707317073,1.2093626425476225,5.800000000000001,0.3386876253036374,3.4843532761810985,9.0,1.612380787310848,3.0118539117875005,13.0,2.4962111102370357,,,,,,,82.0,0.3043629254041408,0.01,0.2961783580726805,0.224732240823939,0.6144000588470574,,40.2127315665846,6.39612125404999,41.27972801484243,0.0877216197906289,74.76513098464318,1258.0936622255194,,,,,6.403191809695874,2.0012888174095997,1.0,13.0,7.0,7.0,81.16832279433905,43.21884294255196,1.0,300.0,74.0,63.790000000000006,,,-0.2458128024498906,-0.1067475265151571,0.3665162109309519,0.3125455049432062,1.2070787425136915,2.732295564316794,0.42863091462404,0.5324594799384741,2.5999999999999996,0.708140815540346,3.3999999999999995,0.2723618521309023,24.60487804878049,18.1157248930249,110.0,0.7362655834794022,2.217134771651672,23.0,3.0994771456189047,3.4843532761810985,9.0,1.612380787310848,,,,,,,82.0,0.4458145744304014,0.01,0.49198379377525336,0.3342370498859048,0.6840232622034985,,5.286293055987818,0.3382400404425625,2.9191936214013743,0.24204805333749024,4.688949111713339,7226738966.686227,,,,,14.005420054200542,4.8771694479952,0.0,36.0,14.0,14.108108108108109,10.023486901535682,3.353065715186386,1.0,21.0,10.0,10.047619047619047,,,0.4873631302887958,1.7921404087328723,0.25824010050075247,0.3482344284656016,-0.11580851230711701,-0.11991113391631592,0.351868174436164,0.3345208856084471,5.107317073170732,2.139111993088908,11.0,0.4188328162208464,3.570731707317073,1.2093626425476223,5.800000000000001,0.33868762530363744,1.466231163513789,14.0,2.5171792806760687,3.0118539117875005,13.0,2.4962111102370357,,,,,,
49,trees/tree049.csv,0,49042,20,2,609,278,3,0.5,0.05,0.5,0.1,0.1,0.1,True,True,8,fitness,2,representative,True,Too many cells: 278 > 150,,,,,,,,,,,,,,,,,,,,,,,,,,,,,,,,,,,,,,,,,,,,,,,,,,,,,,,,,,,,,,,,,,,,,,,,,,,,,,,,,,,,,,,,,,,,,,,,,,,,,,,,,,,,,,,,,,,,,,,,,,,,,,,,,,,,,,,,,,,,,,,,,,,,,,,,,,,,,,,,,,,,,,,,,,,,,,,,,,,,,,,,,,,,,,,,,,,,,,,,,,,,,,,,,,,,,,,,,,,,,,,,,,,,,,,,,,,,
36,trees/tree036.csv,0,36042,20,2,273,99,5,0.5,0.01,0.5,0.7,0.1,0.1,True,True,8,fitness,2,representative,,,99.0,0.5321070514816225,0.01,0.573440565064887,0.4197889507762634,0.7440766560485877,,4.587574942986948,1.0275769407068875,2.848905329586936,0.3288340816619369,4.764996907854051,84.76467055295338,,,,,6.179550608122037,1.9406049366540552,1.0,13.0,6.0,6.076923076923077,10.937538651824369,3.4774674228043,1.0,21.0,11.0,11.0,,,0.0024398928387466,0.0875051038097938,0.3238880323932478,0.3140365796346807,-0.2042176956896909,-0.0060493197574507,0.3479365488907838,0.3179387550986403,2.474747474747475,0.8028161838926055,3.4000000000000004,0.3244032743076242,3.8202020202020206,1.3758361863656192,6.4,0.3601474945801065,1.8958904594954529,26.0,3.22435671432576,1.1226866605680277,13.0,2.733027068284382,,,,,,,99.0,0.4707887424311329,0.01,0.4033172047273221,0.3419996656655978,0.6824052754035514,,8.490532662197749,0.034667692901639,3.1820921546320764,0.1626647676290606,59.652030509173365,80.08255920564889,,,,,70.58462172747888,40.45618046966825,1.0,223.0,61.0,43.18000000000001,10.937538651824369,3.4774674228043,1.0,21.0,11.0,11.0,,,0.9259986243202424,0.4311902523597517,0.5413495946386333,0.5731585645647583,-0.2042176956896909,-0.0060493197574507,0.3479365488907838,0.3179387550986403,23.34747474747475,16.69971477065041,80.2,0.7152685654990008,3.8202020202020206,1.3758361863656192,6.4,0.3601474945801065,3.1091803480421687,11.0,1.9645958046721503,1.1226866605680277,13.0,2.733027068284382,,,,,,,99.0,0.5010105208405259,0.01,0.4405331638125092,0.3798501265613728,0.6830442733873212,,13.83235038760632,9.183883252817932,36.31898328212831,0.1940694684186592,64.40507111935683,1074.67400425372,,,,,6.179550608122037,1.9406049366540552,1.0,13.0,6.0,6.076923076923077,70.58462172747888,40.45618046966825,1.0,223.0,61.0,43.18000000000001,,,0.0024398928387466,0.0875051038097938,0.3238880323932478,0.3140365796346807,0.9259986243202424,0.4311902523597517,0.5413495946386333,0.5731585645647583,2.474747474747475,0.8028161838926055,3.4000000000000004,0.3244032743076242,23.34747474747475,16.69971477065041,80.2,0.7152685654990008,1.8958904594954529,26.0,3.22435671432576,3.1091803480421687,11.0,1.9645958046721503,,,,,,,100.0,0.38397154938406064,0.01,0.4284596304940259,0.2829350601654761,0.6580864134508356,,6.520660965917576,0.28608777239157085,3.1332895502682234,0.18357765496308154,5.313535353535354,4444444478.110167,,,,,15.384646464646465,5.193423057755928,0.0,34.0,15.0,15.057142857142857,10.922020202020201,3.4677125403092655,1.0,21.0,11.0,11.0,,,0.07085701762810123,0.3068017471507556,0.30392530118054595,0.33757181679086906,-0.2072879224166075,0.009547684272978696,0.34655316751751186,0.3174973563652498,5.398000000000001,2.4259422911520376,9.399999999999999,0.44941502244387505,3.7960000000000003,1.383612662561311,6.4,0.36449227148611985,1.344157481743922,15.0,2.669593162610577,1.1121251108289552,13.0,2.7370095576141016,,,,,,
51,trees/tree051.csv,0,51042,20,2,83,38,3,0.5,0.05,0.5,0.7,0.1,0.1,True,True,8,fitness,2,representative,,,38.0,0.7247975277398899,0.01,0.7507752231248286,0.5906771746704623,0.8104696001267762,,2.219898607499708,1.2217791898610946,2.3076297475484013,0.5636634356581364,3.7638691322901847,58.30382553962921,80.0,0.0,0.0031610557926347,0.0,6.8847795163584635,2.1467058163081014,1.0,13.0,7.0,7.0,10.63157894736842,3.4934563799302984,1.0,20.0,11.0,11.925,1.1494784257942152,1.5972024656235182,-0.0558042062776599,-0.1109591162283814,0.347213538954396,0.311804584476156,-0.0716376880960424,-0.0662330679626852,0.3426079786296267,0.3285924317756221,3.926315789473685,0.906608547374083,4.0,0.2309056621998334,5.826315789473685,1.4776731727754169,7.6,0.2536205084257715,1.5075293136231576,16.0,2.5619284102378854,1.1881372257670488,13.0,2.365897952569988,20.65433854907539,4.519333779493112,0.218807964668296,31.894736842105264,7.497957097428146,0.2350844634507174,38.0,0.5337661390266947,0.01,0.519236003848573,0.3878793059576442,0.6806438522927093,,7.406908629119321,0.0486572919881757,2.9856157641073446,0.2696060276926355,55.64153627311522,79.23806799080371,0.0,0.0,0.0,0.0,66.27311522048365,37.27968113751822,1.0,198.0,60.0,58.129999999999995,10.63157894736842,3.4934563799302984,1.0,20.0,11.0,11.925,14.983641536273115,1.5972024656235182,0.8009290886566836,0.3056536422424569,0.4965696902059253,0.562515901259397,-0.0716376880960424,-0.0662330679626852,0.3426079786296267,0.3285924317756221,29.121052631578944,15.822338603757876,75.6,0.5433298996410622,5.826315789473685,1.4776731727754169,7.6,0.2536205084257715,3.2077292063348968,9.0,1.433102655427938,1.1881372257670488,13.0,2.365897952569988,198.81934566145097,80.30517353502084,0.4039102596774676,31.894736842105264,7.497957097428146,0.2350844634507174,38.0,0.5644662147127057,0.01,0.53060967631903,0.4189106836694508,0.6755671649010787,,2.83286922510204,9.21456465594076,31.598864937311152,0.2815466286033857,59.388335704125176,871.4755964602324,80.0,0.0,0.0031610557926347,0.0,6.8847795163584635,2.1467058163081014,1.0,13.0,7.0,7.0,66.27311522048365,37.27968113751822,1.0,198.0,60.0,58.129999999999995,1.1494784257942152,14.983641536273115,-0.0558042062776599,-0.1109591162283814,0.347213538954396,0.311804584476156,0.8009290886566836,0.3056536422424569,0.4965696902059253,0.562515901259397,3.926315789473685,0.906608547374083,4.0,0.2309056621998334,29.121052631578944,15.822338603757876,75.6,0.5433298996410622,1.5075293136231576,16.0,2.5619284102378854,3.2077292063348968,9.0,1.433102655427938,20.65433854907539,4.519333779493112,0.218807964668296,198.81934566145097,80.30517353502084,0.4039102596774676,38.0,0.631938200498657,0.01,0.6658241013871534,0.48810998838061714,0.7634563629373318,,3.3892338068276135,0.49954558808871513,2.6064983709023037,0.4433217339880129,4.2475106685633,1422475135.1723306,74.0,0.0,0.0029239766081871343,0.0,14.497866287339972,4.656286654040539,0.0,26.0,14.0,12.037037037037036,10.631578947368421,3.4934563799302984,1.0,20.0,11.0,11.924999999999999,2.4094357515410145,1.5972024656235182,-0.20749362351193723,0.10297774501628654,0.3361460150571073,0.32117047859011955,-0.07163768809604243,-0.06623306796268524,0.3426079786296267,0.32859243177562214,7.799999999999998,2.3837166910431895,10.799999999999999,0.30560470397989614,5.826315789473685,1.4776731727754167,7.6000000000000005,0.25362050842577155,1.9882668133268928,14.0,2.3100055292301827,1.1881372257670488,13.0,2.365897952569988,43.493598862019915,9.708510429900686,0.22321699477433876,31.894736842105264,7.497957097428146,0.23508446345071746
45,trees/tree045.csv,0,45042,20,2,190,77,5,0.5,0.02,0.5,0.7,0.1,0.1,True,True,8,fitness,2,representative,,,77.0,0.5288337938222155,0.01,0.6053185625051329,0.4249930954212326,0.7494964570387052,,3.4554256523840032,0.9406987718878388,2.138190709845909,0.3664105621132805,3.0844155844155843,50.703023052584854,,,,,6.55604921394395,1.728525890137409,1.0,11.0,7.0,6.909090909090908,9.622693096377306,2.6862255393247394,1.0,16.0,10.0,9.90625,,,-0.3479192209986481,0.3135467863171985,0.3383226061480427,0.2636535867456633,-0.4732759197440257,0.3750671520097599,0.3626565164727762,0.2791552751834134,3.2285714285714286,0.8635260157996946,4.3999999999999995,0.2674638102034452,4.236363636363637,1.2960388292753324,5.3999999999999995,0.3059319124898852,1.196321807499898,24.0,3.1922441052213513,1.3372328198592949,15.0,2.8512589429575432,,,,,,,77.0,0.3387428987815228,0.01,0.3718992638599422,0.2439733204114017,0.6285273285612103,,7.192779045243133,0.0290234333459274,2.493550893288599,0.1383090624595668,74.10184552289816,86.31026453141331,,,,,83.72248803827752,34.420645163843794,1.0,184.0,82.0,68.71000000000001,9.622693096377306,2.6862255393247394,1.0,16.0,10.0,9.90625,,,0.1786434160805886,-0.4496204777245736,0.4046117297821926,0.4111278339949338,-0.4732759197440257,0.3750671520097599,0.3626565164727762,0.2791552751834134,32.30389610389611,15.724003006062423,65.6,0.4867525253143067,4.236363636363637,1.2960388292753324,5.3999999999999995,0.3059319124898852,2.4480472850153805,13.0,2.13657745926585,1.3372328198592949,15.0,2.8512589429575432,,,,,,,77.0,0.442404421684514,0.01,0.4603386888301964,0.3307051272325375,0.6610657705232837,,23.624103415510454,9.166859897107692,30.556699546707513,0.2119117084339044,77.16643882433357,1205.5309576858597,,,,,6.55604921394395,1.728525890137409,1.0,11.0,7.0,6.909090909090908,83.72248803827752,34.420645163843794,1.0,184.0,82.0,68.71000000000001,,,-0.3479192209986481,0.3135467863171985,0.3383226061480427,0.2636535867456633,0.1786434160805886,-0.4496204777245736,0.4046117297821926,0.4111278339949338,3.2285714285714286,0.8635260157996946,4.3999999999999995,0.2674638102034452,32.30389610389611,15.724003006062423,65.6,0.4867525253143067,1.196321807499898,24.0,3.1922441052213513,2.4480472850153805,13.0,2.13657745926585,,,,,,,77.0,0.2601904954489974,0.01,0.3268088739060167,0.19249921249769025,0.6154193271812459,,7.0927741778841655,0.13784995820318216,2.538726105545559,0.10680404006372124,9.056732740943268,1708817544.2716842,,,,,18.3526999316473,6.368390349965618,0.0,39.0,18.5,19.0125,9.622693096377306,2.6862255393247394,1.0,16.0,10.0,9.90625,,,0.1055663132400904,-0.21585304617197076,0.3631791939361693,0.3470001892737318,-0.4732759197440257,0.37506715200975993,0.36265651647277625,0.27915527518341343,8.05974025974026,2.932852861389567,12.999999999999998,0.36388925286335266,4.236363636363637,1.2960388292753324,5.3999999999999995,0.30593191248988527,1.8524596167413776,16.0,2.5595784766371774,1.3372328198592947,15.0,2.8512589429575432,,,,,,
48,trees/tree048.csv,0,48042,20,2,141,63,1,0.5,0.05,0.5,0.7,0.1,0.1,True,True,8,fitness,2,representative,,,63.0,0.6170726293290004,0.01,0.6552499714550575,0.4772793704616736,0.7460667153849461,,2.6716777183900393,1.767940162560497,4.166118236875179,0.4293525250918538,8.41884280593958,114.75889360510368,,,,,7.483870967741935,2.0440291745728087,1.0,13.0,7.0,7.0,15.902713773681516,5.515026979929424,1.0,29.0,16.0,15.0,,,-0.0789651824909088,0.0920101761184533,0.3254308500721034,0.2731245879817115,0.0145806841749963,-0.2216686903967177,0.3600047960060714,0.3467978521412249,3.853968253968254,0.8358676504991203,3.8,0.216884934025719,6.2857142857142865,2.03858472092751,9.0,0.3243202965111947,1.666525810163182,23.0,2.9856093420060414,3.0064409561570855,13.0,2.2205063726893424,,,,,,,63.0,0.5696806443922987,0.01,0.5449575494496613,0.4177377396297781,0.7097543655201296,,11.102057263800544,0.0716411871612862,4.6241495755566735,0.2969787307021801,51.107014848950335,69.10284244738966,,,,,67.00972862263185,41.951504535580824,1.0,191.0,52.0,44.7,15.902713773681516,5.515026979929424,1.0,29.0,16.0,15.0,,,0.8155294134587185,-0.4937876362990625,0.66438433084636,0.6260509540612007,0.0145806841749963,-0.2216686903967177,0.3600047960060714,0.3467978521412249,19.27619047619048,7.521518638571966,33.8,0.390197360202597,6.2857142857142865,2.03858472092751,9.0,0.3243202965111947,7.874611902233124,7.0,1.3212034599118747,3.0064409561570855,13.0,2.2205063726893424,,,,,,,63.0,0.4383542984576712,0.01,0.4350739293016935,0.325243859084185,0.6421221996761565,,0.1830615206745025,8.929425345520157,37.77291374454817,0.189289323958015,59.52585765488991,795.1806026534732,,,,,7.483870967741935,2.0440291745728087,1.0,13.0,7.0,7.0,67.00972862263185,41.951504535580824,1.0,191.0,52.0,44.7,,,-0.0789651824909088,0.0920101761184533,0.3254308500721034,0.2731245879817115,0.8155294134587185,-0.4937876362990625,0.66438433084636,0.6260509540612007,3.853968253968254,0.8358676504991203,3.8,0.216884934025719,19.27619047619048,7.521518638571966,33.8,0.390197360202597,1.666525810163182,23.0,2.9856093420060414,7.874611902233124,7.0,1.3212034599118747,,,,,,,63.0,0.4258915629397045,0.01,0.523971133094611,0.3175802897230434,0.6826712088572717,,5.091412859998256,0.8239471897457037,4.697347142762666,0.2745457483164512,4.211981566820277,2560163885.3406625,,,,,13.121351766513056,3.507160375912968,0.0,22.0,14.0,13.869565217391305,15.902713773681516,5.515026979929424,1.0,29.0,16.0,15.0,,,-0.7664098640410291,0.9657091704208778,0.4002774816517674,0.2672865142495133,0.014580684174996328,-0.22166869039671777,0.36000479600607144,0.34679785214122494,5.838095238095239,1.971497583333146,7.4,0.3376953446166074,6.2857142857142865,2.03858472092751,9.0,0.3243202965111947,1.3531353370269983,16.0,2.5861096183073617,3.0064409561570855,13.0,2.2205063726893424,,,,,,
53,trees/tree053.csv,0,53042,20,2,120,57,5,0.5,0.05,0.5,0.5,0.1,0.1,True,True,8,fitness,2,representative,,,57.0,0.4169847658057196,0.01,0.4575869431676526,0.3128479018462298,0.680936619922771,,9.710766798519485,1.0482258615362594,4.638269177316533,0.2093858105575166,10.014411027568922,189.58833546266237,,,,,6.192355889724311,2.277153988948179,1.0,12.0,6.0,6.041666666666666,16.20175438596491,5.216433155614288,1.0,29.0,16.0,15.965517241379311,,,0.0192012651684283,-0.6603372909128691,0.4275696170643261,0.3677362912436804,-0.4811638578291418,-0.0476202303509634,0.4171274545169435,0.3219671790687758,2.9298245614035094,1.016006097557456,4.199999999999999,0.3467805243160178,6.2175438596491235,1.8369619089937264,7.6,0.2954481625638893,1.3646030562070746,21.0,2.83559379456647,2.2651289535316885,13.0,2.2278459090432636,,,,,,,57.0,0.4986685476653619,0.01,0.483997117718965,0.3562614028646516,0.7211018077310674,,11.695438080516986,0.0496882829236087,4.56474203078433,0.2342532099602657,74.53884711779449,76.16422125612782,,,,,90.69172932330828,50.81154879053728,1.0,259.0,88.5,65.5,16.20175438596491,5.216433155614288,1.0,29.0,16.0,15.965517241379311,,,0.5607205799704477,0.0893660903030366,0.4254619007206959,0.5602666215504443,-0.4811638578291418,-0.0476202303509634,0.4171274545169435,0.3219671790687758,29.40701754385965,23.74696922230932,103.2,0.8075272912967614,6.2175438596491235,1.8369619089937264,7.6,0.2954481625638893,3.303197758068927,9.0,1.5663161256287037,2.2651289535316885,13.0,2.2278459090432636,,,,,,,57.0,0.413749123104041,0.01,0.3950944322479084,0.2995735767561908,0.633832278395045,,36.10000014384767,8.81598702523718,46.677547177620745,0.1560996103932971,84.49937343358395,1450.693232871646,,,,,6.192355889724311,2.277153988948179,1.0,12.0,6.0,6.041666666666666,90.69172932330828,50.81154879053728,1.0,259.0,88.5,65.5,,,0.0192012651684283,-0.6603372909128691,0.4275696170643261,0.3677362912436804,0.5607205799704477,0.0893660903030366,0.4254619007206959,0.5602666215504443,2.9298245614035094,1.016006097557456,4.199999999999999,0.3467805243160178,29.40701754385965,23.74696922230932,103.2,0.8075272912967614,1.3646030562070746,21.0,2.83559379456647,3.303197758068927,9.0,1.5663161256287037,,,,,,,57.0,0.23466304245778033,0.01,0.3423849765563924,0.1703880439979128,0.6453802557005404,,11.63128984394124,0.2743516401786418,4.9011506427080285,0.11722747217152174,5.676691729323308,16290726859.97276,,,,,16.659147869674186,6.509996960579637,0.0,39.0,17.0,17.5,16.20175438596491,5.216433155614288,1.0,29.0,16.0,15.965517241379313,,,0.034791105631852434,0.19563977909200636,0.31330515647654317,0.3907761076081353,-0.48116385782914184,-0.04762023035096341,0.4171274545169435,0.3219671790687758,6.596491228070176,3.4984690843472634,13.600000000000001,0.5303530260845585,6.2175438596491235,1.8369619089937264,7.6000000000000005,0.29544816256388934,1.6872173563099435,13.0,2.3186370942411445,2.2651289535316885,13.0,2.2278459090432636,,,,,,
39,trees/tree039.csv,0,39042,20,2,283,127,1,0.5,0.02,0.5,0.7,0.1,0.1,True,True,8,fitness,2,representative,,,127.0,0.6484584753064443,0.01,0.6771155470200747,0.5187323939095805,0.7742650596057912,,3.1422552738608736,1.5120282219731038,3.116820599883268,0.458485464016295,6.551931008623922,124984478.93163702,,,,,6.658667666541683,1.8967479980336504,0.0,14.0,7.0,7.0,13.2103487064117,4.235520090506478,1.0,24.0,13.0,12.979166666666668,,,-0.1305048711394726,0.0674865714977421,0.3315520696459156,0.2848539817604031,-0.2003283192114002,-0.1283332471550657,0.3622047838411668,0.3206213692490002,2.6503937007874017,0.655908820212658,3.1999999999999997,0.2474759957427438,3.9338582677165346,1.3583350434072516,8.200000000000001,0.3452933356939971,1.7233899301993585,26.0,3.415438082405901,1.8833106945006255,16.0,2.6344037284932673,,,,,,,127.0,0.2943198883421157,0.01,0.330708181674327,0.2100657179666112,0.6134239018510954,,9.967224743128613,0.1002140936099149,3.997200358227748,0.1093679014263397,19.22609673790776,54.34516898418518,,,,,32.361954755655546,13.977286997464011,1.0,111.0,30.0,24.1,13.2103487064117,4.235520090506478,1.0,24.0,13.0,12.979166666666668,,,1.1039113412661448,2.4724436257194284,0.4054167390503453,0.4319049050960481,-0.2003283192114002,-0.1283332471550657,0.3622047838411668,0.3206213692490002,11.26456692913386,6.289593048676635,39.400000000000006,0.5583519622409706,3.9338582677165346,1.3583350434072516,8.200000000000001,0.3452933356939971,2.726769131493653,15.0,2.38090142428353,1.8833106945006255,16.0,2.6344037284932673,,,,,,,127.0,0.3361571006506317,0.01,0.3347175571648187,0.2485106069821511,0.6375240363290606,,15.937949268107324,2.4665603255851325,13.17105612852108,0.1120358430743838,25.70328708911386,124984784.15394013,,,,,6.658667666541683,1.8967479980336504,0.0,14.0,7.0,7.0,32.361954755655546,13.977286997464011,1.0,111.0,30.0,24.1,,,-0.1305048711394726,0.0674865714977421,0.3315520696459156,0.2848539817604031,1.1039113412661448,2.4724436257194284,0.4054167390503453,0.4319049050960481,2.6503937007874017,0.655908820212658,3.1999999999999997,0.2474759957427438,11.26456692913386,6.289593048676635,39.400000000000006,0.5583519622409706,1.7233899301993585,26.0,3.415438082405901,2.726769131493653,15.0,2.38090142428353,,,,,,,127.0,0.6042184116325999,0.01,0.6375694850272227,0.4621606754649278,0.7481691951223637,,4.514059554030893,0.7766034500993239,3.2630144169338853,0.40649484823785254,3.019872515935508,30.609069828736867,,,,,11.19785026871641,3.4772422947402872,1.0,24.0,11.0,10.104166666666668,13.210348706411699,4.235520090506478,1.0,24.0,13.0,12.979166666666668,,,-0.0037579109305824294,0.04605529648046769,0.3282980854123095,0.31052766480140453,-0.2003283192114002,-0.12833324715506578,0.3622047838411668,0.32062136924900025,4.171653543307087,1.406559304408511,7.0,0.3371706901847506,3.9338582677165346,1.3583350434072516,8.200000000000001,0.34529333569399717,1.5400259814887047,19.0,2.8857501550863787,1.8833106945006257,16.0,2.6344037284932673,,,,,,
54,trees/tree054.csv,0,64042,20,2,138,63,5,0.5,0.05,0.5,0.7,0.1,0.1,True,True,8,fitness,2,representative,,,63.0,0.1025772541449699,0.15,0.1840932625475563,0.0778944290018141,0.5866910607156534,,14.618781400929317,0.3347739341389347,4.9119931002581305,0.0338903293154033,10.794674859190987,152585765774.26892,,,,,5.753200204813108,2.748088988170172,0.0,14.0,6.0,6.066666666666666,16.544802867383513,4.9974048436235545,1.0,29.0,17.0,16.931034482758623,,,0.260476258522714,-0.3302523544937141,0.3999808307917759,0.4776626730060827,-0.6853676627526264,0.4157051009616621,0.4302856334796608,0.3020528490838327,1.9015873015873015,1.0918881365304294,4.6,0.5741982687931306,6.171428571428571,2.160498808618236,11.6,0.3500808254705475,1.8230852570726943,18.0,2.7543012392999087,1.621387519917889,14.0,2.42556861918294,,,,,,,63.0,0.5990753840870011,0.01,0.6067197613812767,0.4353466461133282,0.7147428235164309,,12.003427123074138,0.0419015771183268,3.972516075667596,0.3681088688505534,92.02867383512545,78.69202768078159,,,,,108.38197644649256,72.36062417619063,1.0,313.0,86.0,41.56,16.544802867383513,4.9974048436235545,1.0,29.0,17.0,16.931034482758623,,,0.6136790268015273,-0.5908989134598106,0.5714172624914902,0.667644441895877,-0.6853676627526264,0.4157051009616621,0.4302856334796608,0.3020528490838327,30.260317460317463,24.743756882517328,96.4,0.8176965398649766,6.171428571428571,2.160498808618236,11.6,0.3500808254705475,5.5655144982599545,8.0,1.327053036682394,1.621387519917889,14.0,2.42556861918294,,,,,,,63.0,0.3588915910119394,0.01,0.2379208271057595,0.2808055051267106,0.6154571346346595,,72.3395964850403,6.264753298746555,70.282756400973,0.0566063199706886,102.62877624167946,1371735793441.7393,,,,,5.753200204813108,2.748088988170172,0.0,14.0,6.0,6.066666666666666,108.38197644649256,72.36062417619063,1.0,313.0,86.0,41.56,,,0.260476258522714,-0.3302523544937141,0.3999808307917759,0.4776626730060827,0.6136790268015273,-0.5908989134598106,0.5714172624914902,0.667644441895877,1.9015873015873015,1.0918881365304294,4.6,0.5741982687931306,30.260317460317463,24.743756882517328,96.4,0.8176965398649766,1.8230852570726943,18.0,2.7543012392999087,5.5655144982599545,8.0,1.327053036682394,,,,,,,63.0,0.2520276473808871,0.01,0.29322909146014886,0.17900201503139399,0.6184557251528862,,13.088453514695606,0.23990653892737324,4.777729951673673,0.08598330007854549,5.67178699436764,23041474707.311356,,,,,14.407066052227343,6.108147316476112,0.0,36.0,14.0,8.27027027027027,16.544802867383513,4.9974048436235545,1.0,29.0,17.0,16.931034482758623,,,0.5099578166597045,0.4648057501848615,0.36367319429237943,0.4239688562774228,-0.6853676627526264,0.41570510096166213,0.43028563347966087,0.3020528490838327,5.111111111111112,2.1439550391453044,9.399999999999999,0.419469464180603,6.171428571428571,2.160498808618236,11.600000000000001,0.35008082547054753,1.41914859815197,14.0,2.451205718284257,1.6213875199178893,14.0,2.42556861918294,,,,,,
55,trees/tree055.csv,0,55042,30,2,50,23,1,0.5,0.01,0.5,0.1,0.1,0.1,True,True,8,fitness,2,representative,,,23.0,0.4493759105694886,0.01,0.6061187120148128,0.3674956307655701,0.728974358974359,,1.9913278205958136,1.463112701689244,3.0707970071146455,0.3673798930544956,4.363636363636363,3952569255.4169016,10.0,0.0,0.0018821757952192,0.0,5.122529644268774,1.5994089583091735,0.0,8.0,5.0,5.777777777777777,9.48616600790514,3.860820521971484,1.0,18.0,10.0,10.916666666666668,0.8955392433653303,1.6583850931677018,-0.716202207170982,0.2519700854541451,0.4652397044867957,0.3122302981884421,-0.417059765196347,-0.509317245540351,0.471332146032511,0.4069948300244939,2.6847826086956523,0.7489753555196617,2.75,0.2789705777644083,3.467391304347826,1.3458962341012266,4.5,0.3881581615589744,1.052542392563774,10.0,2.031298660501778,2.3406203820111045,9.0,1.47646747335604,15.367588932806324,3.103312341671961,0.2019387917806085,28.458498023715418,7.143432485203621,0.2510122803828494,23.0,0.820123873176834,0.01,0.8473368808794165,0.6782143833105235,0.9047820567075752,,1.701522884634965,0.7381989168618266,2.050310940431784,0.7179797896984583,2.0,19.47344681423725,0.0,0.0,0.0,0.0,10.545454545454543,4.431618015141153,1.0,19.0,11.0,12.842105263157894,9.48616600790514,3.860820521971484,1.0,18.0,10.0,10.916666666666668,1.8932806324110671,1.6583850931677018,-0.2563955651820765,-0.8718445270444324,0.5007804642980082,0.4202396393668334,-0.417059765196347,-0.509317245540351,0.471332146032511,0.4069948300244939,4.326086956521739,1.7153950974235208,7.75,0.3965234898566932,3.467391304347826,1.3458962341012266,4.5,0.3881581615589744,3.502583336893559,7.0,1.4669824759979573,2.3406203820111045,9.0,1.47646747335604,31.636363636363637,8.250654652321794,0.2607965551021257,28.458498023715418,7.143432485203621,0.2510122803828494,23.0,0.487918460948058,0.01,0.5816741928392107,0.389392492287218,0.7600709399543958,,2.2895042200534914,1.611694006424743,3.604774998810973,0.338344866615147,5.4229249011857705,3952569277.711275,10.0,0.0,0.0018821757952192,0.0,5.122529644268774,1.5994089583091735,0.0,8.0,5.0,5.777777777777777,10.545454545454543,4.431618015141153,1.0,19.0,11.0,12.842105263157894,0.8955392433653303,1.8932806324110671,-0.716202207170982,0.2519700854541451,0.4652397044867957,0.3122302981884421,-0.2563955651820765,-0.8718445270444324,0.5007804642980082,0.4202396393668334,2.6847826086956523,0.7489753555196617,2.75,0.2789705777644083,4.326086956521739,1.7153950974235208,7.75,0.3965234898566932,1.052542392563774,10.0,2.031298660501778,3.502583336893559,7.0,1.4669824759979573,15.367588932806324,3.103312341671961,0.2019387917806085,31.636363636363637,8.250654652321794,0.2607965551021257,23.0,0.49964638984590004,0.01,0.5953032993780545,0.39248559060836347,0.7326963411792123,,2.967913844486588,0.9571200216743428,3.1021734499329727,0.35438601825039784,3.2292490118577075,51.75029406161475,0.0,0.0,0.0,0.0,6.810276679841897,2.4013280915547885,1.0,13.0,7.0,6.076923076923077,9.486166007905139,3.8608205219714837,1.0,18.0,10.0,10.916666666666668,1.3681535855448899,1.6583850931677018,-0.06391550818106631,-0.004625900326062027,0.33521194975123264,0.35260360253242107,-0.417059765196347,-0.509317245540351,0.471332146032511,0.4069948300244939,3.739130434782609,1.424701076331386,5.75,0.3810247064607195,3.467391304347826,1.3458962341012266,4.5,0.3881581615589744,1.5415759735151036,10.0,1.9785457894754568,2.3406203820111045,9.0,1.4764674733560401,20.43083003952569,5.082286011332259,0.24875572854847391,28.458498023715414,7.143432485203621,0.25101228038284945
41,trees/tree041.csv,0,41042,20,2,318,140,3,0.5,0.02,0.5,0.5,0.1,0.1,True,True,8,fitness,2,representative,,,140.0,0.5920391286524299,0.01,0.6221958143884934,0.469695508748353,0.7680513916169865,,3.6114122224765377,1.0364175094337176,2.941753750073821,0.3871276314425604,3.9166495375128463,2158273440.645536,,,,,7.275334018499486,2.255867766447265,0.0,15.0,7.0,7.03125,11.15169578622816,3.757692993179384,1.0,22.0,11.0,11.977272727272728,,,-0.1851555044253081,-0.1685752381692418,0.3652869660397538,0.3100706800142944,-0.0937929374154011,-0.2545057356332858,0.3674373420487557,0.3369615765361861,2.672857142857143,0.9684186563039516,5.6,0.3623159056187953,3.7528571428571422,1.336436779389928,7.4,0.3561118178808334,1.5991098738497636,28.0,3.534729919408001,1.6722844163686632,16.0,2.9625488931265704,,,,,,,140.0,0.4513521192315946,0.01,0.4006172772531362,0.3291166932027856,0.6937125390546945,,8.986128272143295,0.0340241822333909,3.442969256207684,0.1604942028337163,52.49907502569373,76.19254014214408,,,,,63.64789311408016,44.24490573658329,1.0,270.0,50.0,41.349999999999994,11.15169578622816,3.757692993179384,1.0,22.0,11.0,11.977272727272728,,,1.5724235450901305,2.8040039632295573,0.5982965944119687,0.6951511443949973,-0.0937929374154011,-0.2545057356332858,0.3674373420487557,0.3369615765361861,16.40857142857143,13.64010622976169,94.2,0.8312793279499548,3.7528571428571422,1.336436779389928,7.4,0.3561118178808334,4.314807771444061,10.0,1.7778888310571994,1.6722844163686632,16.0,2.9625488931265704,,,,,,,140.0,0.4678341690531989,0.01,0.4556266187563473,0.3483549590262034,0.6865498413779284,,-1.366821585879488,8.936320247928483,39.38553136412782,0.2075956157193418,56.37255909558068,3699898004.793413,,,,,7.275334018499486,2.255867766447265,0.0,15.0,7.0,7.03125,63.64789311408016,44.24490573658329,1.0,270.0,50.0,41.349999999999994,,,-0.1851555044253081,-0.1685752381692418,0.3652869660397538,0.3100706800142944,1.5724235450901305,2.8040039632295573,0.5982965944119687,0.6951511443949973,2.672857142857143,0.9684186563039516,5.6,0.3623159056187953,16.40857142857143,13.64010622976169,94.2,0.8312793279499548,1.5991098738497636,28.0,3.534729919408001,4.314807771444061,10.0,1.7778888310571994,,,,,,,140.0,0.5574821428626173,0.01,0.6011232814059783,0.42080308160465574,0.7291808583481456,,3.6982526611573756,0.4224746685712381,3.002984049470873,0.36134919944832644,6.747173689619733,513874651.9296732,,,,,17.64234326824255,5.346679719793566,0.0,35.0,18.0,18.958333333333332,11.15169578622816,3.757692993179384,1.0,22.0,11.0,11.977272727272727,,,-0.3648505671782578,0.22791004572703866,0.35103702405532156,0.3030594994383747,-0.0937929374154011,-0.2545057356332858,0.3674373420487557,0.3369615765361861,5.558571428571429,2.4870517748153627,11.4,0.4474264308328846,3.7528571428571427,1.3364367793899279,7.4,0.35611181788083346,1.3090438890393856,17.0,2.8296709487431104,1.6722844163686632,16.0,2.9625488931265704,,,,,,
59,trees/tree059.csv,0,59042,30,2,499,228,3,0.5,0.01,0.5,0.5,0.1,0.1,True,True,8,fitness,2,representative,True,Too many cells: 228 > 150,,,,,,,,,,,,,,,,,,,,,,,,,,,,,,,,,,,,,,,,,,,,,,,,,,,,,,,,,,,,,,,,,,,,,,,,,,,,,,,,,,,,,,,,,,,,,,,,,,,,,,,,,,,,,,,,,,,,,,,,,,,,,,,,,,,,,,,,,,,,,,,,,,,,,,,,,,,,,,,,,,,,,,,,,,,,,,,,,,,,,,,,,,,,,,,,,,,,,,,,,,,,,,,,,,,,,,,,,,,,,,,,,,,,,,,,,,,,
52,trees/tree052.csv,0,52042,20,2,185,77,5,0.5,0.05,0.5,0.1,0.1,0.1,True,True,8,fitness,2,representative,,,77.0,0.5880348026547263,0.01,0.7198730770890446,0.4621656601444486,0.7632358543672206,,0.2947293269326631,1.9604551356304991,4.587905412399782,0.5182172471176494,9.756322624743678,97.41951756842082,,,,,9.838345864661656,2.427101030058506,1.0,16.0,10.0,10.84375,19.582365003417635,6.609807798776425,1.0,33.0,21.0,21.84848484848485,,,-0.9073677972668986,1.286612222178614,0.4253513555724215,0.2466980794786253,-0.7014350615208761,-0.1296811997648244,0.5198067703868119,0.3375387905200848,4.135064935064935,1.0832570216731652,5.0,0.2619685636583974,5.945454545454545,2.0228914277472643,9.4,0.3402416774498457,1.7729587045905422,23.0,3.047886472615099,2.074607225018849,10.0,2.2456987532242714,,,,,,,77.0,0.635459237091025,0.01,0.6574447114379359,0.4797665789335064,0.7754752475247525,,8.643291813346316,0.1750395283503706,4.980508603989346,0.4322335485977107,42.912508544087494,66.32716532596804,,,,,62.49487354750513,24.82629621937976,1.0,168.0,64.0,69.47,19.582365003417635,6.609807798776425,1.0,33.0,21.0,21.84848484848485,,,0.2983170569695226,0.9789219447129728,0.2736904823996274,0.397253323514739,-0.7014350615208761,-0.1296811997648244,0.5198067703868119,0.3375387905200848,19.472727272727273,10.313169444479952,72.4,0.5296212133019583,5.945454545454545,2.0228914277472643,9.4,0.3402416774498457,1.915347470037405,11.0,2.122229399754785,2.074607225018849,10.0,2.2456987532242714,,,,,,,77.0,0.5473542318604185,0.01,0.5838225136802131,0.4199541320269961,0.7477872019039029,,3.742285384679899,5.971795357780486,20.15600606511102,0.3408487274798825,52.656527682843475,534.2771808141864,,,,,9.838345864661656,2.427101030058506,1.0,16.0,10.0,10.84375,62.49487354750513,24.82629621937976,1.0,168.0,64.0,69.47,,,-0.9073677972668986,1.286612222178614,0.4253513555724215,0.2466980794786253,0.2983170569695226,0.9789219447129728,0.2736904823996274,0.397253323514739,4.135064935064935,1.0832570216731652,5.0,0.2619685636583974,19.472727272727273,10.313169444479952,72.4,0.5296212133019583,1.7729587045905422,23.0,3.047886472615099,1.915347470037405,11.0,2.122229399754785,,,,,,,77.0,0.710056475495443,0.01,0.7971421591847707,0.544121607728841,0.7924420831905156,,3.874788310217257,0.4530704186067342,3.9909468743625562,0.6354356219497577,15.202323991797677,341763542.5867571,,,,,34.669172932330824,11.629442674089935,0.0,59.0,37.0,39.53,19.582365003417635,6.609807798776425,1.0,33.0,21.0,21.84848484848485,,,-0.6817709198878774,-0.03205895592812169,0.4935447050508486,0.3354404414777622,-0.7014350615208761,-0.1296811997648244,0.5198067703868119,0.33753879052008484,10.662337662337665,4.583341914669182,20.599999999999998,0.4298627617899232,5.945454545454545,2.0228914277472643,9.399999999999999,0.3402416774498457,1.7823158976167894,13.0,2.18458143281943,2.074607225018849,10.0,2.2456987532242714,,,,,,
61,trees/tree061.csv,0,61042,30,2,509,230,5,0.5,0.01,0.5,0.1,0.1,0.1,True,True,8,fitness,2,representative,True,Too many cells: 230 > 150,,,,,,,,,,,,,,,,,,,,,,,,,,,,,,,,,,,,,,,,,,,,,,,,,,,,,,,,,,,,,,,,,,,,,,,,,,,,,,,,,,,,,,,,,,,,,,,,,,,,,,,,,,,,,,,,,,,,,,,,,,,,,,,,,,,,,,,,,,,,,,,,,,,,,,,,,,,,,,,,,,,,,,,,,,,,,,,,,,,,,,,,,,,,,,,,,,,,,,,,,,,,,,,,,,,,,,,,,,,,,,,,,,,,,,,,,,,,
56,trees/tree056.csv,0,56042,30,2,129,54,1,0.5,0.01,0.5,0.5,0.1,0.1,True,True,8,fitness,2,representative,,,54.0,0.6974575562296366,0.01,0.7408866278785008,0.5671296154941561,0.8048819008177447,,1.7727263800927662,1.53073305699917,2.836251131886792,0.548912995369176,4.795248078266946,1397624128.3295476,,,,,5.689727463312369,2.04393377207961,0.0,13.0,6.0,6.035714285714286,10.482180293501049,4.22293624086352,1.0,26.0,11.0,11.5,,,-0.1200254896651902,0.1231702382837451,0.3248001360075743,0.3592322805018327,0.1203053752979451,0.170705750634466,0.3199519170527195,0.4028681173783798,2.488888888888889,1.1428791884998926,5.2,0.4591925310937068,3.911111111111111,2.3060842767249476,11.6,0.5896238207535378,1.277165335755958,17.0,2.6642563987801786,1.0905563544528585,13.0,2.210656375696271,,,,,,,54.0,0.6351912053125387,0.01,0.458728658970671,0.4798391957078607,0.7396438162968297,,7.81865024683676,0.0771295606122709,3.752401479489331,0.2104319825610302,24.136268343815512,61.69351671299227,,,,,34.53319357092942,25.11594599155247,1.0,166.0,30.0,22.449999999999996,10.482180293501049,4.22293624086352,1.0,26.0,11.0,11.5,,,2.309328973556625,7.440991286894136,0.6065516323203409,0.7272986768503062,0.1203053752979451,0.170705750634466,0.3199519170527195,0.4028681173783798,14.133333333333336,15.47327445055578,100.0,1.094807154520456,3.911111111111111,2.3060842767249476,11.6,0.5896238207535378,3.640889983647889,10.0,1.6729316696699494,1.0905563544528585,13.0,2.210656375696271,,,,,,,54.0,0.5893395785393075,0.01,0.4677965802117746,0.4541337944465288,0.7230658954141592,,1.8269077460065353,5.748304472545396,22.198381285781007,0.2188336404578312,28.84346610761705,4192872635.5776935,,,,,5.689727463312369,2.04393377207961,0.0,13.0,6.0,6.035714285714286,34.53319357092942,25.11594599155247,1.0,166.0,30.0,22.449999999999996,,,-0.1200254896651902,0.1231702382837451,0.3248001360075743,0.3592322805018327,2.309328973556625,7.440991286894136,0.6065516323203409,0.7272986768503062,2.488888888888889,1.1428791884998926,5.2,0.4591925310937068,14.133333333333336,15.47327445055578,100.0,1.094807154520456,1.277165335755958,17.0,2.6642563987801786,3.640889983647889,10.0,1.6729316696699494,,,,,,,54.0,0.7220360641872848,0.01,0.7495042336683608,0.5708226758562703,0.7945837673263361,,3.389352600116178,0.7171508817377054,2.79558188957705,0.5617565962867944,2.3612858141160027,30.71234661956287,,,,,9.890286512928022,4.4134486502609676,1.0,25.0,10.0,10.120000000000001,10.482180293501049,4.22293624086352,1.0,26.0,11.0,11.5,,,0.26035940310377215,-0.20935373095140575,0.3826307298877366,0.4462407276565707,0.12030537529794516,0.17070575063446602,0.3199519170527195,0.4028681173783798,3.84074074074074,2.2232374224289093,9.0,0.5788564166401211,3.911111111111111,2.3060842767249476,11.600000000000001,0.5896238207535378,1.1910592929764328,12.0,2.1342218698853817,1.0905563544528583,13.0,2.210656375696271,,,,,,
63,trees/tree063.csv,0,63042,30,2,712,317,5,0.5,0.01,0.5,0.7,0.1,0.1,True,True,8,fitness,2,representative,True,Too many cells: 317 > 150,,,,,,,,,,,,,,,,,,,,,,,,,,,,,,,,,,,,,,,,,,,,,,,,,,,,,,,,,,,,,,,,,,,,,,,,,,,,,,,,,,,,,,,,,,,,,,,,,,,,,,,,,,,,,,,,,,,,,,,,,,,,,,,,,,,,,,,,,,,,,,,,,,,,,,,,,,,,,,,,,,,,,,,,,,,,,,,,,,,,,,,,,,,,,,,,,,,,,,,,,,,,,,,,,,,,,,,,,,,,,,,,,,,,,,,,,,,,
60,trees/tree060.csv,0,60042,30,2,48,20,3,0.5,0.01,0.5,0.7,0.1,0.1,True,True,8,fitness,2,representative,,,20.0,0.8478224379251862,0.01,0.8775382899841495,0.706295347903913,0.8868194842406877,,0.7689868558716483,1.3258465482826212,2.017832721019182,0.7700734503883051,2.9526315789473685,45.28387255930412,34.0,0.0,0.0099415204678362,0.0,6.636842105263158,2.785245057028346,1.0,12.0,7.0,4.208333333333333,9.56842105263158,4.208144062920569,1.0,17.0,11.0,12.76470588235294,1.3482456140350878,1.6789473684210523,-0.1028134177531317,-1.167238092987114,0.551392188479709,0.41966420367596,-0.2886156530291902,-1.172157242673916,0.5926653104221082,0.4397950340786073,3.175,1.0491067629178643,4.75,0.3304273269032644,4.05,1.6,6.25,0.3950617283950617,3.805643864234312,10.0,1.6858124629654994,2.7990048923093873,8.0,1.2731328712641,19.910526315789475,4.893324640648847,0.2457657102096962,28.705263157894738,7.652139273240112,0.2665761756354274,20.0,0.6883767915841686,0.01,0.6873379489493512,0.4963196708672899,0.7480818414322251,,4.386697981962275,0.0438796355763768,3.0565339391752313,0.472433456065901,108.52105263157895,89.69299055392675,0.0,0.0,0.0,0.0,118.08947368421052,65.9170722613836,3.0,286.0,112.5,62.43000000000001,9.56842105263158,4.208144062920569,1.0,17.0,11.0,12.76470588235294,35.74473684210526,1.6789473684210523,0.2929142619029947,-0.7083981338320804,0.4738164952893319,0.5581960034613755,-0.2886156530291902,-1.172157242673916,0.5926653104221082,0.4397950340786073,39.9,21.629609335353237,76.25,0.5420954720639909,4.05,1.6,6.25,0.3950617283950617,8.501344489710684,5.0,0.7474162693219675,2.7990048923093873,8.0,1.2731328712641,354.2684210526316,116.65324934058825,0.3292792764141339,28.705263157894738,7.652139273240112,0.2665761756354274,20.0,0.6572856298494569,0.01,0.6489440878186625,0.4842489529922972,0.7656565656565657,,16.15918285728566,15.35825159168573,50.15208817505826,0.4211284291147958,111.45263157894736,1691.6017505562056,34.0,0.0,0.0099415204678362,0.0,6.636842105263158,2.785245057028346,1.0,12.0,7.0,4.208333333333333,118.08947368421052,65.9170722613836,3.0,286.0,112.5,62.43000000000001,1.3482456140350878,35.74473684210526,-0.1028134177531317,-1.167238092987114,0.551392188479709,0.41966420367596,0.2929142619029947,-0.7083981338320804,0.4738164952893319,0.5581960034613755,3.175,1.0491067629178643,4.75,0.3304273269032644,39.9,21.629609335353237,76.25,0.5420954720639909,3.805643864234312,10.0,1.6858124629654994,8.501344489710684,5.0,0.7474162693219675,19.910526315789475,4.893324640648847,0.2457657102096962,354.2684210526316,116.65324934058825,0.3292792764141339,20.0,0.6145811933348251,0.01,0.62557181149425,0.4670525623762237,0.7750342935528121,,2.2457600614026254,0.6148058278097664,3.283053405177177,0.3913400913361976,3.531578947368421,32.234053771651645,0.0,0.0,0.0,0.0,11.910526315789474,4.281833686984081,2.0,25.0,12.0,11.93181818181818,9.56842105263158,4.208144062920569,1.0,17.0,11.0,12.76470588235294,2.6333333333333333,1.6789473684210525,0.34314064369038855,0.2717871695821086,0.34163148255606707,0.35949995604373636,-0.2886156530291902,-1.172157242673916,0.5926653104221082,0.4397950340786073,6.9875,1.9226852966619368,8.5,0.27516068646324676,4.05,1.6,6.25,0.39506172839506176,1.1712634269652946,9.0,1.6777088928344435,2.7990048923093873,8.0,1.2731328712641,35.73157894736842,8.76355407144074,0.24526075616051565,28.705263157894738,7.652139273240112,0.26657617563542746
65,trees/tree065.csv,0,65042,30,2,751,348,1,0.5,0.02,0.5,0.5,0.1,0.1,True,True,8,fitness,2,representative,True,Too many cells: 348 > 150,,,,,,,,,,,,,,,,,,,,,,,,,,,,,,,,,,,,,,,,,,,,,,,,,,,,,,,,,,,,,,,,,,,,,,,,,,,,,,,,,,,,,,,,,,,,,,,,,,,,,,,,,,,,,,,,,,,,,,,,,,,,,,,,,,,,,,,,,,,,,,,,,,,,,,,,,,,,,,,,,,,,,,,,,,,,,,,,,,,,,,,,,,,,,,,,,,,,,,,,,,,,,,,,,,,,,,,,,,,,,,,,,,,,,,,,,,,,
47,trees/tree047.csv,0,47042,20,2,269,122,1,0.5,0.05,0.5,0.5,0.1,0.1,True,True,8,fitness,2,representative,,,122.0,0.5135419040605457,0.01,0.5945119752742312,0.3978176303247285,0.7331514986122885,,4.4346992194659975,1.6989350455781045,4.380660345064851,0.3534444887444679,10.172605338030078,126.21781173317387,,,,,8.207559951226122,1.906428423535316,1.0,16.0,8.0,9.5,18.37881045928736,5.447994649958754,1.0,32.0,19.0,19.890625,,,-0.4530537354075865,0.4673903394223448,0.3475979250053396,0.2322771243663612,-0.5291096812063566,0.0701736969917115,0.4169005343249632,0.2964280339049756,3.919672131147541,0.9174661600283126,5.199999999999999,0.2340670671757719,5.909836065573771,1.9500487524828525,12.0,0.3299666405033398,1.4405555616568384,29.0,3.578726920751739,2.5276389364593896,13.0,2.6497117305611635,,,,,,,122.0,0.4448958685593026,0.01,0.3835609253978816,0.3202961446073552,0.6781420300880533,,13.919952421610391,0.0989605977059932,5.031307909512893,0.1471189834920792,26.730388836201055,53.86144455918568,,,,,45.05690285869123,21.115857401236905,1.0,168.0,42.0,39.41,18.37881045928736,5.447994649958754,1.0,32.0,19.0,19.890625,,,1.5176460676400871,4.7327486433519965,0.4271766404127582,0.4686486656098194,-0.5291096812063566,0.0701736969917115,0.4169005343249632,0.2964280339049756,15.70983606557377,8.102098593109673,68.39999999999999,0.5157341272875823,5.909836065573771,1.9500487524828525,12.0,0.3299666405033398,2.767582741326805,13.0,2.190978580488857,2.5276389364593896,13.0,2.6497117305611635,,,,,,,122.0,0.2539434753311618,0.01,0.262461538769397,0.1866965579767868,0.6072501744839662,,21.19703959801835,2.9070592724831115,20.37558727148504,0.0688860593331996,36.849342907465115,463.6866586285237,,,,,8.207559951226122,1.906428423535316,1.0,16.0,8.0,9.5,45.05690285869123,21.115857401236905,1.0,168.0,42.0,39.41,,,-0.4530537354075865,0.4673903394223448,0.3475979250053396,0.2322771243663612,1.5176460676400871,4.7327486433519965,0.4271766404127582,0.4686486656098194,3.919672131147541,0.9174661600283126,5.199999999999999,0.2340670671757719,15.70983606557377,8.102098593109673,68.39999999999999,0.5157341272875823,1.4405555616568384,29.0,3.578726920751739,2.767582741326805,13.0,2.190978580488857,,,,,,,122.0,0.6453917499691403,0.01,0.6923111247447369,0.4970459008259313,0.7716656762257363,,4.965242674663386,0.9404022019216322,3.931268207725405,0.4792946934453278,4.6299959355100935,135483032.30978385,,,,,14.263649911936051,4.010738486159228,0.0,30.0,14.0,14.032258064516128,18.378810459287358,5.447994649958754,1.0,32.0,19.0,19.890625,,,-0.07230903726943723,0.2876081038412246,0.30576290273050755,0.28118598752223845,-0.5291096812063566,0.0701736969917115,0.41690053432496327,0.29642803390497563,6.159016393442624,1.9360156015815886,13.2,0.3143384394369893,5.909836065573771,1.9500487524828525,12.0,0.3299666405033398,1.2696222098997396,20.0,2.97387775274759,2.5276389364593896,13.0,2.6497117305611635,,,,,,
67,trees/tree067.csv,0,67042,30,2,482,224,3,0.5,0.02,0.5,0.1,0.1,0.1,True,True,8,fitness,2,representative,True,Too many cells: 224 > 150,,,,,,,,,,,,,,,,,,,,,,,,,,,,,,,,,,,,,,,,,,,,,,,,,,,,,,,,,,,,,,,,,,,,,,,,,,,,,,,,,,,,,,,,,,,,,,,,,,,,,,,,,,,,,,,,,,,,,,,,,,,,,,,,,,,,,,,,,,,,,,,,,,,,,,,,,,,,,,,,,,,,,,,,,,,,,,,,,,,,,,,,,,,,,,,,,,,,,,,,,,,,,,,,,,,,,,,,,,,,,,,,,,,,,,,,,,,,
68,trees/tree068.csv,0,68042,30,2,389,180,3,0.5,0.02,0.5,0.5,0.1,0.1,True,True,8,fitness,2,representative,True,Too many cells: 180 > 150,,,,,,,,,,,,,,,,,,,,,,,,,,,,,,,,,,,,,,,,,,,,,,,,,,,,,,,,,,,,,,,,,,,,,,,,,,,,,,,,,,,,,,,,,,,,,,,,,,,,,,,,,,,,,,,,,,,,,,,,,,,,,,,,,,,,,,,,,,,,,,,,,,,,,,,,,,,,,,,,,,,,,,,,,,,,,,,,,,,,,,,,,,,,,,,,,,,,,,,,,,,,,,,,,,,,,,,,,,,,,,,,,,,,,,,,,,,,
66,trees/tree066.csv,0,66042,30,2,41,17,1,0.5,0.02,0.5,0.7,0.1,0.1,True,True,8,fitness,2,representative,,,17.0,0.5311798131108033,0.01,0.5914156895565289,0.4010049388354838,0.7443857331571995,,4.108912364231508,1.0301542429202015,2.932991044365603,0.3497725178536246,4.235294117647059,58823529530.13539,19.0,0.0,0.009313725490196,0.0,4.1911764705882355,2.088183512199739,0.0,9.0,4.0,4.05,8.426470588235293,3.637291237068128,1.0,16.0,9.0,9.90625,0.7573529411764706,1.508823529411765,0.1428750555338876,-0.6810983122575553,0.4400416312979744,0.4982332590511658,-0.4875198726976233,-0.6712077946374042,0.5314667506293888,0.4316506180115754,2.161764705882353,1.4626255010772184,5.0,0.6765886671649718,3.735294117647059,1.8697880271399712,6.5,0.5005731726201498,2.0098910724563965,6.0,1.530677533896756,2.906287283039714,6.0,1.322385463975255,12.573529411764708,4.38149912724813,0.3484701060267518,25.279411764705884,6.649514772733629,0.2630407239941167,17.0,0.2916569869126621,0.04,0.2485860662809355,0.1927080127996015,0.6511758118701008,,7.267482186173436,0.0386329467353952,3.52311598085321,0.0617950323490296,22.235294117647054,62.23173662843785,0.0,0.0,0.0,0.0,30.0,23.40437364858015,1.0,87.0,22.0,8.74,8.426470588235293,3.637291237068128,1.0,16.0,9.0,9.90625,6.7102941176470585,1.508823529411765,0.8127432256737446,-0.35870240455725,0.6286877910855826,0.780145788286005,-0.4875198726976233,-0.6712077946374042,0.5314667506293888,0.4316506180115754,13.235294117647058,13.15447547086142,47.5,0.993893702242863,3.735294117647059,1.8697880271399712,6.5,0.5005731726201498,5.602669590823616,4.0,0.7604767966542748,2.906287283039714,6.0,1.322385463975255,90.0,51.09334018993773,0.567703779888197,25.279411764705884,6.649514772733629,0.2630407239941167,17.0,0.7600779922755427,0.01,0.6297883610789943,0.5782188459027676,0.7885326757090012,,0.4158607350096406,7.05867182462928,18.17973980232283,0.3966333797505654,25.808823529411764,36764706461.58555,19.0,0.0,0.009313725490196,0.0,4.1911764705882355,2.088183512199739,0.0,9.0,4.0,4.05,30.0,23.40437364858015,1.0,87.0,22.0,8.74,0.7573529411764706,6.7102941176470585,0.1428750555338876,-0.6810983122575553,0.4400416312979744,0.4982332590511658,0.8127432256737446,-0.35870240455725,0.6286877910855826,0.780145788286005,2.161764705882353,1.4626255010772184,5.0,0.6765886671649718,13.235294117647058,13.15447547086142,47.5,0.993893702242863,2.0098910724563965,6.0,1.530677533896756,5.602669590823616,4.0,0.7604767966542748,12.573529411764708,4.38149912724813,0.3484701060267518,90.0,51.09334018993773,0.567703779888197,17.0,0.663321908303014,0.01,0.6813473229050719,0.5282569955471452,0.8027043638598648,,3.4238692076545925,0.7492883125098851,2.6623526479056445,0.46423417442990844,2.4705882352941178,43.07348492894503,0.0,0.0,0.0,0.0,6.676470588235294,3.307483388738635,1.0,15.0,6.0,6.133333333333333,8.426470588235293,3.637291237068128,1.0,16.0,9.0,9.90625,1.4911764705882353,1.5088235294117647,0.28788506362917554,-0.3280150658590122,0.4052709265027751,0.49539398774058846,-0.48751987269762337,-0.6712077946374042,0.5314667506293888,0.43165061801157545,3.2794117647058822,2.1435305417443913,8.5,0.6536326315633122,3.735294117647059,1.8697880271399714,6.5,0.5005731726201498,1.3909984975762624,6.0,1.4386516743258522,2.906287283039714,6.0,1.322385463975255,20.029411764705884,6.998677581463041,0.3494200260936026,25.279411764705884,6.649514772733629,0.26304072399411677
50,trees/tree050.csv,0,50042,20,2,256,120,3,0.5,0.05,0.5,0.5,0.1,0.1,True,True,8,fitness,2,representative,,,120.0,0.6059154221447105,0.01,0.6830683834279921,0.4684707371247282,0.7706159485057417,,4.704722320679608,1.462681196145639,3.931622984141252,0.4665824164389304,9.21890756302521,700280210.24386,,,,,9.754761904761905,2.51392725937715,0.0,16.0,10.0,10.823529411764708,18.97282913165266,5.383171319268664,1.0,34.0,20.0,20.897058823529413,,,-0.7011586190229075,0.4177999442209557,0.4364279458639021,0.2577128261992684,-0.6486434101857053,0.563864743999996,0.3986510082823005,0.2837305539366207,3.8766666666666665,1.0814136838211157,5.3999999999999995,0.2789545186124975,5.951666666666667,2.0235275854034924,9.8,0.3399934335598139,1.382426459777622,27.0,3.4736992754791456,1.5459658428175242,15.0,2.6966678331900344,,,,,,,120.0,0.4855734512083386,0.01,0.5413824404879821,0.3516877698792973,0.6928159557254898,,11.593407399433246,0.0767441372767613,4.52604371719655,0.2930949468687234,77.18417366946778,77.65646344081787,,,,,96.156162464986,37.97494544606836,1.0,229.0,94.0,89.91999999999999,18.97282913165266,5.383171319268664,1.0,34.0,20.0,20.897058823529413,,,0.167724599793332,-0.1195266320844106,0.3569314519022354,0.3949299189211761,-0.6486434101857053,0.563864743999996,0.3986510082823005,0.2837305539366207,26.451666666666664,14.84453874512629,65.19999999999999,0.5611948363099851,5.951666666666667,2.0235275854034924,9.8,0.3399934335598139,1.3790772682062895,11.0,2.048344418612128,1.5459658428175242,15.0,2.6966678331900344,,,,,,,120.0,0.4407066536099895,0.01,0.496414363512233,0.3234297449478666,0.6792549705502983,,23.007655846047868,7.498748542824978,32.96550703776762,0.2464272203012555,86.40140056022409,1120449083.2211623,,,,,9.754761904761905,2.51392725937715,0.0,16.0,10.0,10.823529411764708,96.156162464986,37.97494544606836,1.0,229.0,94.0,89.91999999999999,,,-0.7011586190229075,0.4177999442209557,0.4364279458639021,0.2577128261992684,0.167724599793332,-0.1195266320844106,0.3569314519022354,0.3949299189211761,3.8766666666666665,1.0814136838211157,5.3999999999999995,0.2789545186124975,26.451666666666664,14.84453874512629,65.19999999999999,0.5611948363099851,1.382426459777622,27.0,3.4736992754791456,1.3790772682062895,11.0,2.048344418612128,,,,,,,120.0,0.4845407929479048,0.01,0.5631300683473333,0.35651941349515737,0.7050060713624839,,10.328602753989777,0.4650795455926798,4.448481997773966,0.3171154738768953,4.520168067226891,1400560253.314809,,,,,18.58655462184874,6.518079889069615,0.0,39.0,19.0,17.0625,18.97282913165266,5.383171319268664,1.0,34.0,20.0,20.897058823529413,,,-0.04896698133670667,-0.08723609372324681,0.34413972347746735,0.35068790433099023,-0.6486434101857053,0.563864743999996,0.3986510082823005,0.2837305539366207,5.921666666666668,2.8947418806442062,11.8,0.4888390454226072,5.951666666666667,2.0235275854034924,9.8,0.3399934335598139,1.8233625514976144,15.0,2.553626753238066,1.5459658428175242,15.0,2.6966678331900344,,,,,,
69,trees/tree069.csv,0,69042,30,2,120,59,3,0.5,0.02,0.5,0.7,0.1,0.1,True,True,8,fitness,2,representative,,,59.0,0.8519647391855762,0.01,0.8559429684499591,0.7004435340076764,0.8413990750993291,,-1.0373112814934569,1.7873202214285389,3.007031039910813,0.7326383652389273,5.054938632378726,64.25121342612039,,,,,7.714202220923436,2.7850360859454666,1.0,15.0,8.0,6.133333333333333,12.750438340151955,5.815517502098087,1.0,27.0,11.0,9.185185185185183,,,0.1023681528748145,-0.6631145213648311,0.4324042611250082,0.3610271037997343,0.325776353207525,-1.100054543837449,0.582190519586452,0.4561033391130284,3.671186440677966,1.177623410706183,4.6,0.3207746132579168,5.111864406779661,1.5183716462680503,6.199999999999999,0.2970289361068136,1.954915236273368,20.0,2.769977156986714,3.0604241009877255,10.0,2.037212800999115,,,,,,,59.0,0.7441519781780398,0.01,0.7229031336202316,0.560103438883086,0.7586226692385414,,6.84474415203288,0.0592196141116552,4.018228270022679,0.5225889405979504,86.98305084745763,82.12795471024612,,,,,99.72530683810638,70.99093584033668,1.0,346.0,77.0,45.85000000000001,12.750438340151955,5.815517502098087,1.0,27.0,11.0,9.185185185185183,,,0.9936412983018752,0.6673083026239115,0.5419023615410606,0.7118648023373149,0.325776353207525,-1.100054543837449,0.582190519586452,0.4561033391130284,28.94576271186441,24.494865058799142,133.8,0.8462331880016098,5.111864406779661,1.5183716462680503,6.199999999999999,0.2970289361068136,9.369393654401051,7.0,1.1514048898509213,3.0604241009877255,10.0,2.037212800999115,,,,,,,59.0,0.7237394673227779,0.01,0.7095027101127327,0.5565255451556422,0.7473882658084968,,-39.78848822614962,18.085317323656483,50.02750461329023,0.5033940956573122,92.01110461718294,1132.3614561451282,,,,,7.714202220923436,2.7850360859454666,1.0,15.0,8.0,6.133333333333333,99.72530683810638,70.99093584033668,1.0,346.0,77.0,45.85000000000001,,,0.1023681528748145,-0.6631145213648311,0.4324042611250082,0.3610271037997343,0.9936412983018752,0.6673083026239115,0.5419023615410606,0.7118648023373149,3.671186440677966,1.177623410706183,4.6,0.3207746132579168,28.94576271186441,24.494865058799142,133.8,0.8462331880016098,1.954915236273368,20.0,2.769977156986714,9.369393654401051,7.0,1.1514048898509213,,,,,,,59.0,0.6650899522964474,0.01,0.6373623775802056,0.5069930111349336,0.8052851524090462,,1.246385820809036,0.7808717364460562,4.481229641867659,0.4062308003546953,4.073056691992987,28.92820248985522,,,,,14.732320280537698,4.746736101457788,1.0,29.0,15.0,16.931034482758623,12.750438340151957,5.815517502098087,1.0,27.0,11.0,9.185185185185183,,,-0.32575447213943143,0.06380881912595138,0.3610264352050511,0.3221988126153162,0.325776353207525,-1.100054543837449,0.582190519586452,0.4561033391130284,6.1525423728813555,2.1291643886668896,8.4,0.34606253149131266,5.111864406779661,1.5183716462680505,6.199999999999999,0.2970289361068136,1.540215600926872,14.0,2.3849448307569086,3.0604241009877255,10.0,2.037212800999115,,,,,,
57,trees/tree057.csv,0,57042,30,2,228,107,1,0.5,0.01,0.5,0.7,0.1,0.1,True,True,8,fitness,2,representative,,,107.0,0.5921616179671164,0.01,0.6181424293664101,0.4709218290249066,0.7733002030887083,,2.974535452914996,1.1977973095488117,2.6030090400730144,0.3821000629830074,4.137718215482279,176335818.47442794,,,,,5.843237524246165,1.7089203534102808,0.0,12.0,6.0,6.0,9.973549638511724,3.3114377921705556,1.0,20.0,10.0,10.025,,,-0.1151990363403473,-0.0295470354129059,0.3411166007520316,0.292461216289637,0.0135905384846605,-0.1009170615022552,0.3450003756203614,0.3320219893811744,2.551401869158878,0.7900508070709854,4.0,0.3096536130278222,3.7196261682242993,1.3589055005095916,8.6,0.3653338908405183,1.7279082936186836,26.0,3.3389676296709445,2.153755698165688,15.0,2.758067777690667,,,,,,,107.0,0.480621442422254,0.01,0.4842400403222173,0.3531003929651553,0.6870793807180742,,6.49815009431447,0.0785393984918657,2.897293447523393,0.2344884166512625,34.27966848880268,73.09044372708678,,,,,44.25039675542232,20.416896497765674,1.0,115.0,42.0,40.9,9.973549638511724,3.3114377921705556,1.0,20.0,10.0,10.025,,,0.4865526918729188,0.016625030227332,0.409972571856431,0.4613946539420314,0.0135905384846605,-0.1009170615022552,0.3450003756203614,0.3320219893811744,14.710280373831775,10.25638560681993,46.8,0.6972257051650143,3.7196261682242993,1.3589055005095916,8.6,0.3653338908405183,2.384869942259522,13.0,2.2093699163164766,2.153755698165688,15.0,2.758067777690667,,,,,,,107.0,0.4848526788726474,0.01,0.4813439286807315,0.3633875690263807,0.6848032443702379,,10.64748250791492,5.750735633811551,17.896059339369877,0.231691977677801,38.40715923117616,176336419.9528289,,,,,5.843237524246165,1.7089203534102808,0.0,12.0,6.0,6.0,44.25039675542232,20.416896497765674,1.0,115.0,42.0,40.9,,,-0.1151990363403473,-0.0295470354129059,0.3411166007520316,0.292461216289637,0.4865526918729188,0.016625030227332,0.409972571856431,0.4613946539420314,2.551401869158878,0.7900508070709854,4.0,0.3096536130278222,14.710280373831775,10.25638560681993,46.8,0.6972257051650143,1.7279082936186836,26.0,3.3389676296709445,2.384869942259522,13.0,2.2093699163164766,,,,,,,107.0,0.6243080038968046,0.01,0.6550905012059405,0.48571612417655996,0.7712293150667656,,3.351313354603018,0.6890897441429438,2.501958210443591,0.42914356477025506,2.107035796155881,24.824368026345795,,,,,9.610121671662846,3.14805359015092,1.0,20.0,10.0,10.024999999999999,9.973549638511725,3.3114377921705556,1.0,20.0,10.0,10.024999999999999,,,0.014320945348872122,-0.2390265634696176,0.36226537939191755,0.32757687131407676,0.013590538484660505,-0.10091706150225521,0.3450003756203614,0.3320219893811744,4.033644859813084,1.622156400565044,7.0,0.4021564755803052,3.7196261682242993,1.3589055005095916,8.6,0.3653338908405183,1.1792168623247345,19.0,2.9122524567497483,2.153755698165688,15.0,2.758067777690667,,,,,,
73,trees/tree073.csv,0,73042,30,2,656,320,1,0.5,0.05,0.5,0.1,0.1,0.1,True,True,8,fitness,2,representative,True,Too many cells: 320 > 150,,,,,,,,,,,,,,,,,,,,,,,,,,,,,,,,,,,,,,,,,,,,,,,,,,,,,,,,,,,,,,,,,,,,,,,,,,,,,,,,,,,,,,,,,,,,,,,,,,,,,,,,,,,,,,,,,,,,,,,,,,,,,,,,,,,,,,,,,,,,,,,,,,,,,,,,,,,,,,,,,,,,,,,,,,,,,,,,,,,,,,,,,,,,,,,,,,,,,,,,,,,,,,,,,,,,,,,,,,,,,,,,,,,,,,,,,,,,
58,trees/tree058.csv,0,58042,30,2,288,128,3,0.5,0.01,0.5,0.1,0.1,0.1,True,True,8,fitness,2,representative,,,128.0,0.6994092655911326,0.01,0.7357552864535288,0.5618167427073085,0.8149774235335502,,2.109518334067189,1.6285430764552418,3.614853016172884,0.5413358415443144,7.082677165354331,246063083.92869857,,,,,7.907111220472441,2.411445114610659,0.0,15.0,8.0,8.90625,14.986589566929132,5.3375657884574705,1.0,29.0,16.0,17.896551724137932,,,-0.3269912018215909,-0.0965526497646864,0.381244469950184,0.3049716953983326,-0.2997728068204574,-0.5950595165195178,0.4531770092421334,0.3561561330962091,2.7984375000000004,1.059037326345842,5.6000000000000005,0.3784387989175538,4.290625,1.8304472429914496,9.2,0.4266155264073298,1.8465640135447277,25.0,3.33792935874786,3.9607847204544617,11.0,2.298025737234824,,,,,,,128.0,0.4563248618723986,0.01,0.4836040080824242,0.3319528179644549,0.6921894410271043,,8.553055369729615,0.1822940100358979,4.671901430986933,0.2338728366333855,20.419906496062993,53.76554985417011,,,,,35.29207677165354,14.15991786122454,1.0,98.0,35.0,38.83,14.986589566929132,5.3375657884574705,1.0,29.0,16.0,17.896551724137932,,,0.2333266866889261,0.0572844441760547,0.3448947462935221,0.4012208732527107,-0.2997728068204574,-0.5950595165195178,0.4531770092421334,0.3561561330962091,9.6125,6.127741733297838,47.0,0.6374763831779284,4.290625,1.8304472429914496,9.2,0.4266155264073298,1.770153111399103,15.0,2.39681933255428,3.9607847204544617,11.0,2.298025737234824,,,,,,,128.0,0.4501237994719255,0.01,0.4884870500047693,0.3363330986374568,0.7219615485861277,,12.611491626514573,2.8683781614727137,12.355535732276548,0.238619598022362,27.384965551181104,246063356.36187828,,,,,7.907111220472441,2.411445114610659,0.0,15.0,8.0,8.90625,35.29207677165354,14.15991786122454,1.0,98.0,35.0,38.83,,,-0.3269912018215909,-0.0965526497646864,0.381244469950184,0.3049716953983326,0.2333266866889261,0.0572844441760547,0.3448947462935221,0.4012208732527107,2.7984375000000004,1.059037326345842,5.6000000000000005,0.3784387989175538,9.6125,6.127741733297838,47.0,0.6374763831779284,1.8465640135447277,25.0,3.33792935874786,1.770153111399103,15.0,2.39681933255428,,,,,,,128.0,0.5529609931749264,0.01,0.5955512087253366,0.4111374662671337,0.7485329209691143,,6.5381479601715276,0.4030410993251759,4.287759181295064,0.35468124221421227,7.08759842519685,33.19049484679304,,,,,20.96173720472441,7.887021354122699,1.0,49.0,21.0,19.122448979591837,14.986589566929133,5.3375657884574705,1.0,29.0,16.0,17.896551724137932,,,0.09071860895688062,-0.001792174302879701,0.3362775113084916,0.37625800176261637,-0.2997728068204574,-0.5950595165195178,0.45317700924213344,0.3561561330962091,6.2765625,3.5754476200321754,16.6,0.5696506041375634,4.290625,1.8304472429914498,9.2,0.42661552640732986,2.171503705754343,14.0,2.4670071591727276,3.9607847204544617,11.0,2.298025737234824,,,,,,
71,trees/tree071.csv,0,71042,30,2,231,101,5,0.5,0.02,0.5,0.5,0.1,0.1,True,True,8,fitness,2,representative,,,101.0,0.6721198689117375,0.01,0.7290650791555395,0.5267707597663538,0.7859571264803271,,3.515056419271913,1.3804196376912832,3.4941908842241705,0.531535889644073,7.25980198019802,76.09048087644469,,,,,9.836435643564355,2.696271567307368,1.0,20.0,10.0,10.975,17.093465346534654,5.105149494158818,1.0,30.0,18.0,18.883333333333333,,,-0.4262654563818779,0.3980454376714517,0.3477593990368255,0.2741106296030561,-0.5129975731186471,0.1602226518337111,0.3997080741423939,0.2986608853536993,3.9742574257425742,1.2889978811822709,7.6,0.32433678624666,5.64950495049505,1.7011134246836273,11.0,0.3011084050000812,1.7512661224752448,25.0,3.270964939545715,1.7923241567919914,16.0,2.540749512293123,,,,,,,101.0,0.4496167797716375,0.01,0.4985796233391733,0.3253791793780465,0.6687733092078286,,11.450862149707309,0.0354924022658947,4.425367733594668,0.2485816408090319,141.8879207920792,86.88368854997327,,,,,158.98059405940597,71.71460226386894,1.0,459.0,153.0,142.98000000000002,17.093465346534654,5.105149494158818,1.0,30.0,18.0,18.883333333333333,,,0.4121178595426106,0.4162668357720473,0.3424325986203618,0.4510902899071536,-0.5129975731186471,0.1602226518337111,0.3997080741423939,0.2986608853536993,43.358415841584154,32.463076564994566,183.4,0.7487145444520578,5.64950495049505,1.7011134246836273,11.0,0.3011084050000812,1.7534699924448245,9.0,1.9352445258922748,1.7923241567919914,16.0,2.540749512293123,,,,,,,101.0,0.4209279395729623,0.01,0.444369283958018,0.3047800939877723,0.6655997048174711,,42.72181743524662,11.81919760744059,64.24507482201277,0.1974640605253618,149.1441584158416,1551.3377929308751,,,,,9.836435643564355,2.696271567307368,1.0,20.0,10.0,10.975,158.98059405940597,71.71460226386894,1.0,459.0,153.0,142.98000000000002,,,-0.4262654563818779,0.3980454376714517,0.3477593990368255,0.2741106296030561,0.4121178595426106,0.4162668357720473,0.3424325986203618,0.4510902899071536,3.9742574257425742,1.2889978811822709,7.6,0.32433678624666,43.358415841584154,32.463076564994566,183.4,0.7487145444520578,1.7512661224752448,25.0,3.270964939545715,1.7534699924448245,9.0,1.9352445258922748,,,,,,,101.0,0.3948646967406807,0.01,0.45696094323535047,0.28732178647980394,0.6678285949164491,,10.625335856963876,0.3402541060045667,4.540962883282914,0.2088133036425458,5.306336633663366,27722772316.519363,,,,,19.00970297029703,6.856210952460888,0.0,41.0,20.0,22.5,17.093465346534654,5.105149494158818,1.0,30.0,18.0,18.883333333333333,,,-0.3479061597316411,0.20741485450159614,0.34951471725144756,0.36066902061404266,-0.5129975731186471,0.1602226518337111,0.39970807414239395,0.2986608853536993,6.568316831683169,4.129654426437629,19.6,0.6287233902173658,5.64950495049505,1.7011134246836273,11.0,0.3011084050000812,1.138553555798072,14.0,2.567346329675016,1.7923241567919914,16.0,2.540749512293123,,,,,,
75,trees/tree075.csv,0,75042,30,2,670,328,1,0.5,0.05,0.5,0.7,0.1,0.1,True,True,8,fitness,2,representative,True,Too many cells: 328 > 150,,,,,,,,,,,,,,,,,,,,,,,,,,,,,,,,,,,,,,,,,,,,,,,,,,,,,,,,,,,,,,,,,,,,,,,,,,,,,,,,,,,,,,,,,,,,,,,,,,,,,,,,,,,,,,,,,,,,,,,,,,,,,,,,,,,,,,,,,,,,,,,,,,,,,,,,,,,,,,,,,,,,,,,,,,,,,,,,,,,,,,,,,,,,,,,,,,,,,,,,,,,,,,,,,,,,,,,,,,,,,,,,,,,,,,,,,,,,
77,trees/tree077.csv,0,77042,30,2,376,190,3,0.5,0.05,0.5,0.5,0.1,0.1,True,True,8,fitness,2,representative,True,Too many cells: 190 > 150,,,,,,,,,,,,,,,,,,,,,,,,,,,,,,,,,,,,,,,,,,,,,,,,,,,,,,,,,,,,,,,,,,,,,,,,,,,,,,,,,,,,,,,,,,,,,,,,,,,,,,,,,,,,,,,,,,,,,,,,,,,,,,,,,,,,,,,,,,,,,,,,,,,,,,,,,,,,,,,,,,,,,,,,,,,,,,,,,,,,,,,,,,,,,,,,,,,,,,,,,,,,,,,,,,,,,,,,,,,,,,,,,,,,,,,,,,,,
62,trees/tree062.csv,0,62042,30,2,315,131,5,0.5,0.01,0.5,0.5,0.1,0.1,True,True,8,fitness,2,representative,,,131.0,0.5019930922834556,0.01,0.5489199905755152,0.3911712866301019,0.7377143802459237,,6.298933985661622,0.9997146971507942,3.16717364818571,0.3013131560534238,6.305695830886671,5167351836.43185,,,,,6.760187903699354,2.0804800842633253,0.0,14.0,7.0,7.0,13.0571931884909,3.78905223543957,1.0,24.0,13.0,12.979166666666668,,,-0.1030115487896675,-0.1018930097273904,0.3487143099188975,0.3077547715981136,-0.3768844589820685,0.2351344295794399,0.353012191697601,0.2901888775590288,2.717557251908397,0.9998076850212556,6.0,0.3679067604993946,4.621374045801527,1.5600453914705548,7.6,0.3375717645897632,1.103185419769382,27.0,3.517369811400907,1.1519862850576477,16.0,2.877256304630431,,,,,,,131.0,0.3371729312961651,0.01,0.2238314785931207,0.2446523753128082,0.6576787567946246,,11.949717253926854,0.0101514593774154,3.69291587885204,0.0501005308091828,96.04932472108044,80.84722691977369,,,,,109.0952436876101,83.54554087187189,1.0,437.0,83.0,48.96000000000001,13.0571931884909,3.78905223543957,1.0,24.0,13.0,12.979166666666668,,,1.4166879494918938,1.74615205657705,0.6335668791033665,0.7658036963655468,-0.3768844589820685,0.2351344295794399,0.353012191697601,0.2901888775590288,32.29007633587786,32.83174049549671,161.0,1.016774942059118,4.621374045801527,1.5600453914705548,7.6,0.3375717645897632,4.627359485390816,10.0,1.8331225843285528,1.1519862850576477,16.0,2.877256304630431,,,,,,,131.0,0.5264306896235842,0.01,0.4376202095571205,0.3971234406720023,0.6971615580887104,,-9.70459461889223,17.573452099089163,75.12080140316836,0.191511447812818,102.33505578391076,11861422527.32673,,,,,6.760187903699354,2.0804800842633253,0.0,14.0,7.0,7.0,109.0952436876101,83.54554087187189,1.0,437.0,83.0,48.96000000000001,,,-0.1030115487896675,-0.1018930097273904,0.3487143099188975,0.3077547715981136,1.4166879494918938,1.74615205657705,0.6335668791033665,0.7658036963655468,2.717557251908397,0.9998076850212556,6.0,0.3679067604993946,32.29007633587786,32.83174049549671,161.0,1.016774942059118,1.103185419769382,27.0,3.517369811400907,4.627359485390816,10.0,1.8331225843285528,,,,,,,131.0,0.4704120821508877,0.01,0.5331105248657817,0.3493337082597196,0.6854372186109169,,6.987988854859407,0.329077226625014,3.205710996591302,0.2842068317226497,6.216441573693482,2113916651.0423348,,,,,18.443100411039342,6.13832700213198,0.0,42.0,19.0,19.975609756097562,13.0571931884909,3.78905223543957,1.0,24.0,13.0,12.979166666666668,,,-0.08921129753529485,0.07393590248497794,0.3279049035450266,0.3328251142881492,-0.3768844589820685,0.23513442957943997,0.35301219169760106,0.2901888775590288,6.410687022900763,2.9444021648124434,13.2,0.45929588424676127,4.621374045801527,1.5600453914705548,7.6000000000000005,0.33757176458976323,2.0926644278702256,18.0,2.8061014149761974,1.1519862850576477,16.0,2.877256304630431,,,,,,
79,trees/tree079.csv,0,79042,30,2,405,195,5,0.5,0.05,0.5,0.1,0.1,0.1,True,True,8,fitness,2,representative,True,Too many cells: 195 > 150,,,,,,,,,,,,,,,,,,,,,,,,,,,,,,,,,,,,,,,,,,,,,,,,,,,,,,,,,,,,,,,,,,,,,,,,,,,,,,,,,,,,,,,,,,,,,,,,,,,,,,,,,,,,,,,,,,,,,,,,,,,,,,,,,,,,,,,,,,,,,,,,,,,,,,,,,,,,,,,,,,,,,,,,,,,,,,,,,,,,,,,,,,,,,,,,,,,,,,,,,,,,,,,,,,,,,,,,,,,,,,,,,,,,,,,,,,,,
80,trees/tree080.csv,0,80042,30,2,415,193,5,0.5,0.05,0.5,0.5,0.1,0.1,True,True,8,fitness,2,representative,True,Too many cells: 193 > 150,,,,,,,,,,,,,,,,,,,,,,,,,,,,,,,,,,,,,,,,,,,,,,,,,,,,,,,,,,,,,,,,,,,,,,,,,,,,,,,,,,,,,,,,,,,,,,,,,,,,,,,,,,,,,,,,,,,,,,,,,,,,,,,,,,,,,,,,,,,,,,,,,,,,,,,,,,,,,,,,,,,,,,,,,,,,,,,,,,,,,,,,,,,,,,,,,,,,,,,,,,,,,,,,,,,,,,,,,,,,,,,,,,,,,,,,,,,,
76,trees/tree076.csv,0,76042,30,2,34,14,3,0.5,0.05,0.5,0.1,0.1,0.1,True,True,8,fitness,2,representative,,,14.0,0.7563644273312672,0.01,0.8800196346026056,0.6232330476612827,0.8338833883388339,,-1.306162857850027,1.8154992712372484,2.9036445961521116,0.774434557286104,7.054945054945055,65.40747713757618,7.0,0.0,0.0064102564102564,0.0,10.252747252747254,2.963489948081917,1.0,15.0,11.0,11.733333333333334,17.307692307692307,6.113742954713949,1.0,27.0,19.0,18.875,1.4093406593406594,1.9615384615384617,-1.1258513123550378,1.071146225980498,0.556978563693188,0.2890434997593294,-0.9406208540011564,-0.0152749102259246,0.6314710850386994,0.353238481827917,6.2142857142857135,1.6359412748858937,5.333333333333334,0.26325491779773,8.333333333333332,2.78031630038,9.333333333333332,0.3336379560456,1.247221155087831,8.0,1.8147074132354744,1.661718765617154,7.0,1.4201136673532684,30.75824175824176,5.192112909887985,0.1688039566987519,51.92307692307692,10.387789502696164,0.2000611311630372,14.0,0.5437290489669993,0.01,0.5657780712727707,0.4027944654341058,0.721,,10.549217430933778,0.1047914830098868,5.041132989198285,0.3201048259331364,47.18681318681319,67.50864237711505,0.0,0.0,0.0,0.0,64.49450549450549,33.00861480173154,4.0,144.0,72.0,75.4,17.307692307692307,6.113742954713949,1.0,27.0,19.0,18.875,11.697802197802195,1.9615384615384617,0.1751684120776937,-0.7367332336931618,0.4553965921885885,0.5118050684882552,-0.9406208540011564,-0.0152749102259246,0.6314710850386994,0.353238481827917,33.357142857142854,16.349585833167144,54.66666666666667,0.490137476797302,8.333333333333332,2.78031630038,9.333333333333332,0.3336379560456,1.7722567013785695,6.0,1.1456307476293843,1.661718765617154,7.0,1.4201136673532684,193.4835164835165,67.67989664303843,0.3497967055441868,51.92307692307692,10.387789502696164,0.2000611311630372,14.0,0.542535025155774,0.01,0.5796236582089243,0.4079023556414657,0.7202944269190326,,-1.6982097186701413,6.456095481670937,26.89820181392659,0.3359635851554957,54.24175824175824,520.7240866521169,7.0,0.0,0.0064102564102564,0.0,10.252747252747254,2.963489948081917,1.0,15.0,11.0,11.733333333333334,64.49450549450549,33.00861480173154,4.0,144.0,72.0,75.4,1.4093406593406594,11.697802197802195,-1.1258513123550378,1.071146225980498,0.556978563693188,0.2890434997593294,0.1751684120776937,-0.7367332336931618,0.4553965921885885,0.5118050684882552,6.2142857142857135,1.6359412748858937,5.333333333333334,0.26325491779773,33.357142857142854,16.349585833167144,54.66666666666667,0.490137476797302,1.247221155087831,8.0,1.8147074132354744,1.7722567013785695,6.0,1.1456307476293843,30.75824175824176,5.192112909887985,0.1688039566987519,193.4835164835165,67.67989664303843,0.3497967055441868,14.0,0.5966063266043284,0.01,0.7928982851122349,0.4596692148153701,0.7628541448058762,,2.0707616366259085,0.6305414693347168,3.725433785378564,0.6286876905339229,7.076923076923077,30.005844406282122,0.0,0.0,0.0,0.0,24.164835164835164,7.687957953858872,2.0,35.0,26.0,21.44642857142857,17.307692307692307,6.113742954713949,1.0,27.0,19.0,18.875,3.4532967032967035,1.9615384615384615,-1.076063700570389,0.6174493558901015,0.596528900721616,0.31814650923199517,-0.9406208540011564,-0.015274910225924643,0.6314710850386994,0.35323848182791706,13.714285714285712,3.1869205489051673,12.333333333333334,0.23237962335766849,8.333333333333332,2.78031630038,9.333333333333332,0.33363795604560004,1.220174180840212,7.0,1.6054665042234995,1.661718765617154,7.0,1.4201136673532684,72.49450549450549,13.759810587098462,0.1898048754624769,51.92307692307692,10.387789502696164,0.20006113116303723
72,trees/tree072.csv,0,72042,30,2,211,100,5,0.5,0.02,0.5,0.7,0.1,0.1,True,True,8,fitness,2,representative,,,100.0,0.8162382881843521,0.01,0.830819236881366,0.6686520517038398,0.841850459957737,,1.848877219277979,1.315742077883655,2.637236207360503,0.6902606043721351,4.626666666666667,404040460.3536881,,,,,8.727272727272727,2.992172218002415,0.0,17.0,9.0,8.027777777777779,13.331717171717171,4.738608251631739,1.0,28.0,13.0,13.053571428571429,,,-0.1960503069522158,-0.3917555641327839,0.3981358911672664,0.34285306664611,-0.0716946835404446,-0.3637375291815332,0.3812746791240038,0.3554387023514533,3.006,1.1567039379201576,4.8,0.3847983825416359,4.5,1.7628386199536248,9.6,0.3917419155452499,2.0747458798150595,25.0,3.170341008517865,2.1912146669893557,13.0,2.578905363640395,,,,,,,100.0,0.4968489353000699,0.01,0.5175539227626827,0.361538903312247,0.6590665807916806,,7.521402851639842,0.0404306861077084,4.054592959760486,0.267862062967041,130.38,89.0792855084624,,,,,143.71050505050505,60.6590074314871,1.0,343.0,141.0,120.7,13.331717171717171,4.738608251631739,1.0,28.0,13.0,13.053571428571429,,,0.0477841142358113,-0.2934479802682621,0.370317405417038,0.4220916724923438,-0.0716946835404446,-0.3637375291815332,0.3812746791240038,0.3554387023514533,39.586,26.89541604065645,123.0,0.679417370804235,4.5,1.7628386199536248,9.6,0.3917419155452499,2.461787039652693,10.0,1.9033779104152304,2.1912146669893557,13.0,2.578905363640395,,,,,,,100.0,0.4693608807130197,0.01,0.4962648917098866,0.346491753007772,0.6515029822018392,,55.90923190253443,10.06056254820506,52.66240064363514,0.2462788427438254,134.98323232323233,404042034.69100446,,,,,8.727272727272727,2.992172218002415,0.0,17.0,9.0,8.027777777777779,143.71050505050505,60.6590074314871,1.0,343.0,141.0,120.7,,,-0.1960503069522158,-0.3917555641327839,0.3981358911672664,0.34285306664611,0.0477841142358113,-0.2934479802682621,0.370317405417038,0.4220916724923438,3.006,1.1567039379201576,4.8,0.3847983825416359,39.586,26.89541604065645,123.0,0.679417370804235,2.0747458798150595,25.0,3.170341008517865,2.461787039652693,10.0,1.9033779104152304,,,,,,,100.0,0.34826038569793033,0.01,0.4328086451161183,0.24838730859419833,0.641579606095942,,7.269157177256559,0.30309126138831183,4.271788127119278,0.18732332328724943,7.623030303030303,5252525290.4545,,,,,20.002424242424244,6.766643840968978,0.0,39.0,21.0,21.9375,13.331717171717171,4.738608251631739,1.0,28.0,13.0,13.053571428571429,,,-0.48780507491014297,0.28519554071820474,0.37682803832049844,0.33829118705607847,-0.07169468354044464,-0.36373752918153324,0.38127467912400387,0.3554387023514533,5.957999999999999,3.7942372092424588,13.399999999999999,0.6368306829879925,4.5,1.7628386199536248,9.600000000000001,0.39174191554524995,1.392362465127897,15.0,2.587202634022993,2.1912146669893557,13.0,2.578905363640395,,,,,,
78,trees/tree078.csv,0,78042,30,2,130,60,3,0.5,0.05,0.5,0.7,0.1,0.1,True,True,8,fitness,2,representative,,,60.0,-0.1578552453567076,0.01,-0.123819889974199,-0.1091704127168862,0.4985226967499328,,30.390072857046132,-0.46117231195793,10.657651077494604,0.0153313651532225,20.257627118644063,367.8406441250422,,,,,6.9344632768361585,2.883657217704001,1.0,15.0,6.0,5.2,27.192090395480225,10.740300821296472,1.0,49.0,26.0,38.5,,,0.539744724944185,-0.5999122425490557,0.5380321465730685,0.4158443274674989,-0.2658664873956887,-0.8977152610893766,0.5092958957000929,0.3949788583772025,3.0733333333333324,0.8148346798925261,3.4,0.2651305899867222,8.396666666666668,2.8141290343945182,13.2,0.3351483566170525,1.9304135127252169,19.0,2.7526101906363487,4.2423550245063195,8.0,1.7637264264460375,,,,,,,60.0,0.5965541396234665,0.01,0.6096665723910317,0.4307024288972173,0.7694600963016084,,15.982540968922123,0.0816659360079679,8.513385134979066,0.3716933294910294,110.19322033898304,73.78383117441058,,,,,137.26101694915255,80.18033844036917,1.0,372.0,124.0,86.33,27.192090395480225,10.740300821296472,1.0,49.0,26.0,38.5,,,0.3927301107890646,-0.5199670750241592,0.4654119420336465,0.5841450123458685,-0.2658664873956887,-0.8977152610893766,0.5092958957000929,0.3949788583772025,30.38666666666667,24.201594070547408,97.0,0.7964543902110818,8.396666666666668,2.8141290343945182,13.2,0.3351483566170525,5.5521077457901855,7.0,1.024151548439426,4.2423550245063195,8.0,1.7637264264460375,,,,,,,60.0,0.2757528367264515,0.01,0.2453981194455996,0.207476325088726,0.5942238267148015,,89.94498311118689,6.823315943718381,77.72861502160548,0.0602202370274369,130.32655367231638,2096.909827733331,,,,,6.9344632768361585,2.883657217704001,1.0,15.0,6.0,5.2,137.26101694915255,80.18033844036917,1.0,372.0,124.0,86.33,,,0.539744724944185,-0.5999122425490557,0.5380321465730685,0.4158443274674989,0.3927301107890646,-0.5199670750241592,0.4654119420336465,0.5841450123458685,3.0733333333333324,0.8148346798925261,3.4,0.2651305899867222,30.38666666666667,24.201594070547408,97.0,0.7964543902110818,1.9304135127252169,19.0,2.7526101906363487,5.5521077457901855,7.0,1.024151548439426,,,,,,,60.0,0.26110966235111643,0.01,0.45208865267653464,0.16596751978494942,0.6165994393929035,,12.837825328423731,0.8625424079538971,9.580058449184042,0.20438414987888298,11.462146892655367,31638418166.264893,,,,,16.64180790960452,5.629367417607711,0.0,33.0,18.0,18.926470588235293,27.192090395480225,10.740300821296472,1.0,49.0,26.0,38.5,,,-0.895781595351652,1.032494660495308,0.4469750906872523,0.33826657825793216,-0.26586648739568874,-0.8977152610893766,0.5092958957000929,0.3949788583772025,5.723333333333333,3.5739971398359507,12.4,0.6244607699189199,8.396666666666668,2.8141290343945182,13.2,0.3351483566170525,1.6880171472966452,14.0,2.286515577209219,4.2423550245063195,8.0,1.7637264264460375,,,,,,
64,trees/tree064.csv,0,64042,30,2,295,142,1,0.5,0.02,0.5,0.1,0.1,0.1,True,True,8,fitness,2,representative,,,142.0,0.7269282909625485,0.01,0.7642322068104314,0.573831595211672,0.7900470934333027,,2.3177797560950584,1.7686470520301552,4.1368934505131705,0.5840508659263417,9.866646688642494,499450705.8629089,,,,,9.817600639296774,2.7716499830866046,0.0,22.0,10.0,11.0,19.681650184796723,6.414373181554939,1.0,35.0,20.0,23.82857142857143,,,-0.3981214762506689,0.1391156143146581,0.3690532150422053,0.2823143948219445,-0.4427232261780394,-0.275622621634664,0.4390008023466669,0.3259062691049037,3.3323943661971835,0.9982766344262995,5.4,0.2995673755040882,5.091549295774648,1.873705861660424,8.2,0.3680030876290182,1.0938499991930588,25.0,3.482670866483028,2.0181810829189972,14.0,2.4466912376734715,,,,,,,142.0,0.6616470255691728,0.01,0.6756393755109915,0.4987856631726013,0.7718099161679639,,9.912602619190755,0.286612552544637,4.728882963603742,0.4564885657408826,14.679552492258516,37.51430819233774,,,,,34.08450704225352,15.120772109258416,1.0,86.0,34.0,30.75,19.681650184796723,6.414373181554939,1.0,35.0,20.0,23.82857142857143,,,0.2022742374881133,-0.4390874181815682,0.4064624753462976,0.4436259585774164,-0.4427232261780394,-0.275622621634664,0.4390008023466669,0.3259062691049037,7.756338028169015,4.797482684813888,27.8,0.6185241885269402,5.091549295774648,1.873705861660424,8.2,0.3680030876290182,2.782192447381354,13.0,2.2629039949559044,2.0181810829189972,14.0,2.4466912376734715,,,,,,,142.0,0.6064289081057352,0.01,0.6133945939410852,0.4574649830952094,0.7352496230566616,,1.2310640788356035,3.346382091762407,11.94203193045856,0.3762529278761487,24.266906402956742,499450852.0874072,,,,,9.817600639296774,2.7716499830866046,0.0,22.0,10.0,11.0,34.08450704225352,15.120772109258416,1.0,86.0,34.0,30.75,,,-0.3981214762506689,0.1391156143146581,0.3690532150422053,0.2823143948219445,0.2022742374881133,-0.4390874181815682,0.4064624753462976,0.4436259585774164,3.3323943661971835,0.9982766344262995,5.4,0.2995673755040882,7.756338028169015,4.797482684813888,27.8,0.6185241885269402,1.0938499991930588,25.0,3.482670866483028,2.782192447381354,13.0,2.2629039949559044,,,,,,,142.0,0.820802829344777,0.01,0.8293663058995698,0.649331677715671,0.8274705949199401,,5.164147909035,0.7223215888404887,3.583743824241505,0.6878484693615273,3.2524223354310258,17.93967295575926,,,,,20.09839176905404,7.364953605758267,1.0,40.0,21.0,23.9125,19.681650184796723,6.414373181554939,1.0,35.0,20.0,23.82857142857143,,,-0.11720387122447588,-0.6683384938284576,0.43477011768080454,0.3664449220806939,-0.4427232261780394,-0.275622621634664,0.4390008023466669,0.3259062691049037,5.622535211267606,2.20538375716468,14.2,0.3922400970909125,5.091549295774648,1.8737058616604239,8.2,0.36800308762901823,1.1731839237888977,15.0,2.451226219250178,2.0181810829189972,14.0,2.4466912376734715,,,,,,
70,trees/tree070.csv,0,70042,30,2,315,150,5,0.5,0.02,0.5,0.1,0.1,0.1,True,True,8,fitness,2,representative,,,150.0,0.7736383409839275,0.01,0.8140677054060046,0.6261341469051446,0.8332045269124169,,-0.7311132859792268,1.931474101255173,4.326061598715478,0.6627062289849975,8.734586129753914,83.2336379344658,,,,,10.146308724832217,3.1394977474161787,1.0,20.0,10.0,10.975,18.866219239373603,7.4488381615127315,1.0,37.0,21.0,22.891891891891895,,,-0.2359204471329341,-0.1852467545295018,0.3750447606994216,0.3094226513857723,-0.4344581142124977,-0.8886160034809021,0.5630211534069128,0.3948241068866137,3.724,1.194134554115797,5.6,0.320659117646562,4.989333333333334,1.9148245060289175,9.0,0.3837836396370091,3.002951095526958,26.0,3.485416053502359,3.051343947903751,11.0,2.227906733792009,,,,,,,150.0,0.4948639884193078,0.01,0.342813098597722,0.3745288124255431,0.7351180052464104,,15.071338450854617,0.0450268708058637,6.997465605720361,0.1175208205701714,65.4159284116331,70.69147979161995,,,,,84.28035794183445,56.711897704616646,1.0,245.0,65.0,57.120000000000005,18.866219239373603,7.4488381615127315,1.0,37.0,21.0,22.891891891891895,,,0.9777025011011112,-0.2159924460841353,0.7025491643901185,0.6728957860354129,-0.4344581142124977,-0.8886160034809021,0.5630211534069128,0.3948241068866137,20.962666666666664,18.453507513628825,90.2,0.880303436917798,4.989333333333334,1.9148245060289175,9.0,0.3837836396370091,3.2128925051293895,11.0,2.0652846124155695,3.051343947903751,11.0,2.227906733792009,,,,,,,150.0,0.5481350335984663,0.01,0.3959234941968492,0.425567690929865,0.7450293387147916,,11.714330208616614,7.151963310126667,52.07759992728453,0.1567554132570425,74.13404921700224,738.9754429404231,,,,,10.146308724832217,3.1394977474161787,1.0,20.0,10.0,10.975,84.28035794183445,56.711897704616646,1.0,245.0,65.0,57.120000000000005,,,-0.2359204471329341,-0.1852467545295018,0.3750447606994216,0.3094226513857723,0.9777025011011112,-0.2159924460841353,0.7025491643901185,0.6728957860354129,3.724,1.194134554115797,5.6,0.320659117646562,20.962666666666664,18.453507513628825,90.2,0.880303436917798,3.002951095526958,26.0,3.485416053502359,3.2128925051293895,11.0,2.0652846124155695,,,,,,,150.0,0.7566826185787503,0.01,0.7936177216202935,0.5863597574599199,0.8093556478484513,,2.713129751576606,0.50086230584387,4.531997723387129,0.6298290880697628,13.507293064876958,2416107424.163907,,,,,32.25055928411633,11.802704858170454,0.0,67.0,33.0,35.510000000000005,18.866219239373603,7.4488381615127315,1.0,37.0,21.0,22.891891891891895,,,-0.24193469913248794,-0.31744353612861875,0.3945983664838453,0.3659689977526494,-0.43445811421249775,-0.8886160034809021,0.5630211534069128,0.39482410688661373,9.058666666666667,5.025033156330635,21.400000000000002,0.5547210578816568,4.989333333333334,1.9148245060289177,9.0,0.3837836396370091,2.6120045846508124,15.0,2.5628702252749296,3.051343947903751,11.0,2.227906733792009,,,,,,
81,trees/tree081.csv,0,81042,30,2,222,109,5,0.5,0.05,0.5,0.7,0.1,0.1,True,True,8,fitness,2,representative,,,109.0,0.6757737807425314,0.01,0.7178374451091082,0.5198257782209474,0.777318322682048,,6.837426058502359,1.4843214025114029,5.302739139671123,0.5152905976007719,12.687054026503567,109.8593328875878,,,,,12.072375127421,3.6834747782058086,1.0,24.0,12.0,11.0625,24.756710839279645,7.616571810447607,1.0,45.0,26.0,27.88888888888889,,,0.1573118160234623,-0.1110425592909809,0.354711700844268,0.3051159974178754,-0.4381983106266032,-0.1492742623930465,0.4181453668835397,0.3076568555449198,5.299082568807339,1.4872235947245216,7.199999999999999,0.2806568071761995,8.401834862385321,2.321735417500529,11.8,0.2763367116265098,1.5986249899212472,26.0,3.348123855198101,1.802605382492227,14.0,2.549663030475872,,,,,,,109.0,0.4819117741803331,0.01,0.4954403568973767,0.3418611436160612,0.6443029040064534,,16.94004132727232,0.0355629974938158,6.616073857511187,0.2454611472426002,195.0428134556575,86.73127374534063,,,,,219.79782534828405,106.10908309286616,2.0,698.0,198.0,134.24,24.756710839279645,7.616571810447607,1.0,45.0,26.0,27.88888888888889,,,0.9209471534231896,0.7696798946602064,0.4902654100726674,0.482757656608883,-0.4381983106266032,-0.1492742623930465,0.4181453668835397,0.3076568555449198,73.66055045871559,44.55749819692029,258.8,0.6049031390539684,8.401834862385321,2.321735417500529,11.8,0.2763367116265098,3.0933294269624056,10.0,1.994168646675189,1.802605382492227,14.0,2.549663030475872,,,,,,,109.0,0.4092890837757934,0.01,0.4582538671927009,0.2960026043774442,0.6336548193657372,,60.43254105287337,13.200822755534864,94.31201854078508,0.2099966067970655,207.72545022086305,1776.8860474437909,,,,,12.072375127421,3.6834747782058086,1.0,24.0,12.0,11.0625,219.79782534828405,106.10908309286616,2.0,698.0,198.0,134.24,,,0.1573118160234623,-0.1110425592909809,0.354711700844268,0.3051159974178754,0.9209471534231896,0.7696798946602064,0.4902654100726674,0.482757656608883,5.299082568807339,1.4872235947245216,7.199999999999999,0.2806568071761995,73.66055045871559,44.55749819692029,258.8,0.6049031390539684,1.5986249899212472,26.0,3.348123855198101,3.0933294269624056,10.0,1.994168646675189,,,,,,,109.0,0.22350617182802354,0.01,0.34772052205835946,0.15482244152976868,0.607805355617238,,16.627202401329054,0.5118936921999707,7.141284238559194,0.12090956146053655,9.900951410125723,47740401030.33309,,,,,15.88124362895005,5.173805355642608,0.0,32.0,16.0,16.0,24.756710839279645,7.616571810447607,1.0,45.0,26.0,27.888888888888886,,,-0.21890788480761225,0.8925135300767844,0.2692143916607713,0.3257808693401841,-0.43819831062660325,-0.14927426239304653,0.41814536688353976,0.3076568555449198,5.005504587155963,3.2871681257088454,14.2,0.6567106409498976,8.401834862385321,2.321735417500529,11.8,0.2763367116265098,1.2656668489643668,16.0,2.6361956903598265,1.802605382492227,14.0,2.549663030475872,,,,,,
74,trees/tree074.csv,0,74042,30,2,285,150,1,0.5,0.05,0.5,0.5,0.1,0.1,True,True,8,fitness,2,representative,,,150.0,0.3762591341091806,0.01,0.4720856784728523,0.2839753892784386,0.6610146238351237,,12.859472923095703,1.387902245705568,7.198937338840807,0.2228648878191733,16.952751677852348,170.6376930714899,,,,,10.55096196868009,2.77767912325249,1.0,19.0,11.0,11.894736842105264,27.50317673378076,8.166202172204104,1.0,47.0,29.0,30.851063829787233,,,-0.4378617039739076,-0.1350153326186531,0.4159613436591939,0.2632631158654412,-0.6194856897252325,0.0276420790622,0.4570429673123587,0.2969185069510159,4.398666666666666,1.075421571085291,5.2,0.2444880807256648,7.765333333333332,2.482874319994649,15.999999999999998,0.319738279532278,1.969143463819216,29.0,3.7109910302253266,2.1691175940391463,13.0,2.596162926708583,,,,,,,150.0,0.4125691329870563,0.01,0.4408018044314842,0.2959799555521553,0.6444115225700724,,19.323477006593244,0.1246313809280825,7.330019502850354,0.1943062307900526,38.2303355704698,53.36019062008235,,,,,65.63114093959732,28.882586601019153,1.0,216.0,60.0,46.15,27.50317673378076,8.166202172204104,1.0,47.0,29.0,30.851063829787233,,,1.1262403808965835,2.047019181304952,0.4494568603909212,0.4400744248465957,-0.6194856897252325,0.0276420790622,0.4570429673123587,0.2969185069510159,22.88933333333333,11.157503583787111,68.6,0.4874542836745112,7.765333333333332,2.482874319994649,15.999999999999998,0.319738279532278,2.219163228181708,13.0,2.3398313366256698,2.1691175940391463,13.0,2.596162926708583,,,,,,,150.0,0.2700066796235297,0.01,0.2466773284016357,0.1959568950142335,0.5964955714618291,,38.56818046126688,2.56497564474834,27.99004740325656,0.0608497043473686,55.080178970917224,555.0348628567923,,,,,10.55096196868009,2.77767912325249,1.0,19.0,11.0,11.894736842105264,65.63114093959732,28.882586601019153,1.0,216.0,60.0,46.15,,,-0.4378617039739076,-0.1350153326186531,0.4159613436591939,0.2632631158654412,1.1262403808965835,2.047019181304952,0.4494568603909212,0.4400744248465957,4.398666666666666,1.075421571085291,5.2,0.2444880807256648,22.88933333333333,11.157503583787111,68.6,0.4874542836745112,1.969143463819216,29.0,3.7109910302253266,2.219163228181708,13.0,2.3398313366256698,,,,,,,150.0,0.5515978270042947,0.01,0.6399684725728306,0.4121016427839889,0.7289584711523032,,9.215224323095839,0.9250428564482862,6.274919282617623,0.4095596458872096,8.217091722595079,45.63907430234321,,,,,19.769843400447428,5.64958898329556,1.0,43.0,20.0,21.447368421052634,27.503176733780762,8.166202172204104,1.0,47.0,29.0,30.851063829787233,,,-0.14944595754668166,0.11181264408774139,0.32853330555405336,0.28576801893978077,-0.6194856897252325,0.027642079062200064,0.45704296731235877,0.29691850695101596,7.222666666666667,2.0772464680169485,9.0,0.28760104319968827,7.765333333333332,2.482874319994649,15.999999999999998,0.319738279532278,1.6817681309560704,19.0,3.026205696409978,2.1691175940391463,13.0,2.596162926708583,,,,,,
